"game_id","season","week","season_type","start_date","start_time_tbd","completed","neutral_site","conference_game","attendance","venue_id","venue","home_id","home_team","home_division","home_conference","home_points","home_post_win_prob","home_pregame_elo","home_postgame_elo","away_id","away_team","away_division","away_conference","away_points","away_post_win_prob","away_pregame_elo","away_postgame_elo","excitement_index","highlights","notes","playoff"
401856766,2026,1,"regular","2026-08-29T16:00:00.000Z",FALSE,TRUE,TRUE,FALSE,NA,3504,"Aviva Stadium",2628,"TCU","fbs","Big 12",10,0.367728710174561,1613,1598,153,"North Carolina","fbs","ACC",15,0.632271289825439,1380,1395,6.50193841658093,"","Aer Lingus College Football Classic",NA
401864494,2026,1,"regular","2026-08-29T19:00:00.000Z",FALSE,TRUE,FALSE,FALSE,NA,477,"Los Angeles Memorial Coliseum",30,"USC","fbs","Big Ten",42,0.996404349803925,1747,1763,23,"San José State","fbs","Mountain West",26,0.00359565019607544,1411,1395,3.08623184830274,"",NA,NA
401858202,2026,1,"regular","2026-08-29T19:30:00.000Z",FALSE,TRUE,FALSE,TRUE,NA,3923,"Scott Stadium",258,"Virginia","fbs","ACC",34,0.993423163890839,1591,1652,152,"NC State","fbs","ACC",8,0.00657683610916138,1570,1509,3.25013888373231,"",NA,NA
401864577,2026,1,"regular","2026-08-29T21:30:00.000Z",FALSE,TRUE,FALSE,FALSE,NA,3714,"Fargodome",2449,"North Dakota State","fbs","Mountain West",33,0.967404842376709,1500,1562,55,"Jacksonville State","fbs","Conference USA",7,0.032595157623291,1494,1432,3.93059376652317,"",NA,NA
401866408,2026,1,"regular","2026-08-29T22:30:00.000Z",FALSE,TRUE,FALSE,TRUE,NA,3912,"Rynearson Stadium",2199,"Eastern Michigan","fbs","Mid-American",28,0.89848381280899,1326,1350,16,"Sacramento State","fbs","Mid-American",17,0.10151618719101,1500,1476,4.43801306204956,"",NA,NA
401858201,2026,1,"regular","2026-08-29T23:00:00.000Z",FALSE,TRUE,FALSE,FALSE,NA,3940,"Stanford Stadium",24,"Stanford","fbs","ACC",37,0.995126187801361,1390,1408,62,"Hawai'i","fbs","Mountain West",27,0.00487381219863892,1472,1454,6.77025318702774,"",NA,NA
401864570,2026,1,"regular","2026-08-29T23:00:00.000Z",FALSE,TRUE,FALSE,FALSE,NA,3697,"Doak Campbell Stadium",52,"Florida State","fbs","ACC",34,0.983020484447479,1537,1559,166,"New Mexico State","fbs","Conference USA",17,0.0169795155525208,1281,1259,4.62419492264749,"",NA,NA
401862693,2026,1,"regular","2026-08-30T02:00:00.000Z",FALSE,TRUE,FALSE,FALSE,NA,6501,"Allegiant Stadium",2439,"UNLV","fbs","Mountain West",21,0.0611650086939335,1581,1566,235,"Memphis","fbs","American Athletic",27,0.938834991306067,1526,1541,6.40825618898589,"",NA,NA
401858423,2026,1,"regular","2026-09-03T22:00:00.000Z",FALSE,TRUE,FALSE,FALSE,NA,6577,"SHI Stadium",164,"Rutgers","fbs","Big Ten",21,0,1479,1408,113,"Massachusetts","fbs","Mid-American",37,1,978,1049,3.19174551401912,"",NA,NA
401866409,2026,1,"regular","2026-09-03T23:00:00.000Z",FALSE,TRUE,FALSE,FALSE,NA,3965,"UB Stadium",2084,"Buffalo","fbs","Mid-American",21,0.939147889614105,1365,NA,399,"UAlbany","fcs","Coastal Athletic",17,0.0608521103858948,NA,NA,7.84080042330011,"",NA,NA
401864425,2026,1,"regular","2026-09-03T23:00:00.000Z",FALSE,TRUE,FALSE,FALSE,NA,4899,"Fifth Third Stadium",338,"Kennesaw State","fbs","Conference USA",47,0.990965008735657,1373,NA,2698,"West Georgia","fcs","UAC",0,0.00903499126434326,NA,NA,3.10280546797764,"",NA,NA
401856767,2026,1,"regular","2026-09-03T23:00:00.000Z",FALSE,TRUE,FALSE,FALSE,NA,3652,"FBC Mortgage Stadium",2116,"UCF","fbs","Big 12",73,0.998824536800385,1465,NA,2065,"Bethune-Cookman","fcs","SWAC",6,0.00117546319961548,NA,NA,2.54573503354581,"",NA,NA
401858204,2026,1,"regular","2026-09-03T23:00:00.000Z",FALSE,TRUE,FALSE,FALSE,NA,3630,"Allegacy Federal Credit Union Stadium",154,"Wake Forest","fbs","ACC",38,0.986186385154724,1520,1540,2006,"Akron","fbs","Mid-American",16,0.0138136148452759,925,905,3.51930294005015,"",NA,NA
401864424,2026,1,"regular","2026-09-03T23:00:00.000Z",FALSE,TRUE,FALSE,FALSE,NA,3695,"Delaware Stadium",48,"Delaware","fbs","Conference USA",42,0.984771549701691,1404,NA,2771,"Merrimack","fcs","FCS Independents",7,0.0152284502983093,NA,NA,3.64144938208987,"",NA,NA
401856663,2026,1,"regular","2026-09-04T00:00:00.000Z",FALSE,TRUE,FALSE,FALSE,NA,3838,"Memorial Stadium",142,"Missouri","fbs","SEC",54,0.991907119750977,1666,NA,2029,"Arkansas-Pine Bluff","fcs","SWAC",14,0.00809288024902344,NA,NA,3.39571807622295,"",NA,NA
401856776,2026,1,"regular","2026-09-04T00:00:00.000Z",FALSE,TRUE,FALSE,FALSE,NA,721,"Bobby Dodd Stadium",59,"Georgia Tech","fbs","ACC",13,0.466889500617981,1563,1555,38,"Colorado","fbs","Big 12",14,0.533110499382019,1396,1404,6.24026005659878,"",NA,NA
401858422,2026,1,"regular","2026-09-04T00:00:00.000Z",FALSE,TRUE,FALSE,FALSE,NA,3953,"Huntington Bank Stadium",135,"Minnesota","fbs","Big Ten",59,0.99480152130127,1510,NA,2197,"Eastern Illinois","fcs","OVC",7,0.00519847869873047,NA,NA,3.14001327981458,"",NA,NA
401858424,2026,1,"regular","2026-09-04T01:00:00.000Z",FALSE,TRUE,FALSE,FALSE,NA,3832,"Memorial Stadium (Champaign, IL)",356,"Illinois","fbs","Big Ten",42,0.94807642698288,1563,1597,5,"UAB","fbs","American Athletic",23,0.0519235730171204,1443,1409,4.75265847732276,"",NA,NA
401856768,2026,1,"regular","2026-09-04T01:00:00.000Z",FALSE,TRUE,FALSE,FALSE,NA,587,"Rice-Eccles Stadium",254,"Utah","fbs","Big 12",66,1,1817,NA,70,"Idaho","fcs","Big Sky",14,0,NA,NA,3.04832615410251,"",NA,NA
401864495,2026,1,"regular","2026-09-04T22:30:00.000Z",FALSE,TRUE,FALSE,FALSE,NA,3912,"Rynearson Stadium",2199,"Eastern Michigan","fbs","Mid-American",21,0.014554588124156,1350,1338,23,"San José State","fbs","Mountain West",27,0.985445411875844,1395,1407,5.89533708313871,"",NA,NA
401858435,2026,1,"regular","2026-09-04T23:00:00.000Z",FALSE,TRUE,FALSE,FALSE,NA,3907,"Ross-Ade Stadium",2509,"Purdue","fbs","Big Ten",44,0.992191195487976,1318,NA,282,"Indiana State","fcs","MVFC",19,0.00780880451202393,NA,NA,3.44245803583067,"",NA,NA
401866623,2026,1,"regular","2026-09-04T23:00:00.000Z",FALSE,TRUE,FALSE,FALSE,NA,4246,"Center Parc Stadium",2247,"Georgia State","fbs","Sun Belt",59,0.992191195487976,1241,NA,2448,"North Carolina A&T","fcs","Coastal Athletic",10,0.00780880451202393,NA,NA,3.20677118492368,"",NA,NA
401856769,2026,1,"regular","2026-09-05T00:00:00.000Z",FALSE,TRUE,FALSE,FALSE,NA,3833,"Memorial Stadium",2305,"Kansas","fbs","Big 12",51,0.991913318634033,1510,NA,2341,"Long Island University","fcs","NEC",6,0.0080866813659668,NA,NA,3.7124336375376,"",NA,NA
401858429,2026,1,"regular","2026-09-05T00:00:00.000Z",FALSE,TRUE,FALSE,FALSE,NA,3936,"Spartan Stadium",127,"Michigan State","fbs","Big Ten",30,0.531569361686707,1439,1460,2649,"Toledo","fbs","Mid-American",20,0.468430638313293,1597,1576,4.89060937053279,"",NA,NA
401856664,2026,1,"regular","2026-09-05T00:00:00.000Z",FALSE,TRUE,FALSE,FALSE,NA,3835,"Memorial Stadium (Norman, OK)",201,"Oklahoma","fbs","SEC",51,0.997047603130341,1706,1819,2638,"UTEP","fbs","Mountain West",0,0.00295239686965942,1256,1143,2.62317096415808,"",NA,NA
401858206,2026,1,"regular","2026-09-05T01:00:00.000Z",FALSE,TRUE,FALSE,TRUE,NA,3940,"Stanford Stadium",24,"Stanford","fbs","ACC",6,0.0185281112790108,1408,1320,2390,"Miami","fbs","ACC",45,0.981471888720989,1842,1930,3.86145667565805,"",NA,NA
401858436,2026,1,"regular","2026-09-05T01:00:00.000Z",FALSE,TRUE,FALSE,FALSE,NA,477,"Los Angeles Memorial Coliseum",30,"USC","fbs","Big Ten",39,0.969972133636475,1763,1853,278,"Fresno State","fbs","Pac-12",0,0.0300278663635254,1532,1442,3.76851841352326,"",NA,NA
401858208,2026,1,"regular","2026-09-05T16:00:00.000Z",FALSE,TRUE,FALSE,FALSE,NA,1964,"JMA Wireless Dome",183,"Syracuse","fbs","ACC",66,0.992270946502686,1288,NA,160,"New Hampshire","fcs","Coastal Athletic",3,0.00772905349731445,NA,NA,3.13891900955224,"",NA,NA
401856780,2026,1,"regular","2026-09-05T16:00:00.000Z",FALSE,TRUE,FALSE,FALSE,NA,3842,"Milan Puskar Stadium",277,"West Virginia","fbs","Big 12",31,0.88311105966568,1360,1365,324,"Coastal Carolina","fbs","Sun Belt",24,0.11688894033432,1275,1270,3.86373481431784,"",NA,NA
401861962,2026,1,"regular","2026-09-05T16:00:00.000Z",FALSE,TRUE,FALSE,FALSE,NA,3892,"Pratt & Whitney Stadium",41,"UConn","fbs","FBS Independents",56,0.993082225322723,1484,NA,322,"Lafayette","fcs","Patriot",7,0.00691777467727661,NA,NA,3.12930665095751,"",NA,NA
401856634,2026,1,"regular","2026-09-05T16:00:00.000Z",FALSE,TRUE,FALSE,FALSE,NA,3657,"Bryant-Denny Stadium",333,"Alabama","fbs","SEC",48,0.996632516384125,1738,1829,151,"East Carolina","fbs","American Athletic",10,0.00336748361587524,1562,1471,3.35081214445793,"",NA,NA
401869960,2026,1,"regular","2026-09-05T16:00:00.000Z",FALSE,TRUE,FALSE,FALSE,NA,3651,"Bridgeforth Stadium",256,"James Madison","fbs","Sun Belt",20,0.958027422428131,1770,1776,2335,"Liberty","fbs","Conference USA",13,0.0419725775718689,1703,1697,3.87384492269736,"",NA,NA
401866410,2026,1,"regular","2026-09-05T16:00:00.000Z",FALSE,TRUE,FALSE,FALSE,NA,3700,"Doyt L. Perry Stadium",189,"Bowling Green","fbs","Mid-American",13,0.308581382036209,1340,NA,2627,"Tarleton State","fcs","UAC",20,0.691418617963791,NA,NA,4.2530976755708,"",NA,NA
401856778,2026,1,"regular","2026-09-05T16:00:00.000Z",FALSE,TRUE,FALSE,FALSE,NA,4728,"TDECU Stadium",248,"Houston","fbs","Big 12",33,0.962712049484253,1508,1521,204,"Oregon State","fbs","Pac-12",20,0.0372879505157471,1266,1253,5.37352837797005,"",NA,NA
401862701,2026,1,"regular","2026-09-05T16:00:00.000Z",FALSE,TRUE,FALSE,FALSE,NA,3841,"Michie Stadium",349,"Army","fbs","American Athletic",59,0.99765944480896,1527,NA,2803,"Bryant","fcs","Coastal Athletic",3,0.00234055519104004,NA,NA,2.47409297078299,"",NA,NA
401858430,2026,1,"regular","2026-09-05T16:00:00.000Z",FALSE,TRUE,FALSE,FALSE,NA,3834,"Memorial Stadium (Lincoln, NE)",158,"Nebraska","fbs","Big Ten",49,0.98541921377182,1538,1597,195,"Ohio","fbs","Mid-American",21,0.0145807862281799,1372,1313,5.89266230792738,"",NA,NA
401858425,2026,1,"regular","2026-09-05T16:00:00.000Z",FALSE,TRUE,FALSE,FALSE,NA,3830,"Memorial Stadium (Bloomington, IN)",84,"Indiana","fbs","Big Ten",52,1,2064,2132,249,"North Texas","fbs","American Athletic",16,0,1639,1571,3.15555183563913,"",NA,NA
401858432,2026,1,"regular","2026-09-05T16:30:00.000Z",FALSE,TRUE,FALSE,FALSE,NA,3861,"Ohio Stadium",194,"Ohio State","fbs","Big Ten",56,0.980574727058411,1925,2022,2050,"Ball State","fbs","Mid-American",3,0.0194252729415894,1173,1076,2.99261067396803,"",NA,NA
401858207,2026,1,"regular","2026-09-05T16:30:00.000Z",FALSE,TRUE,FALSE,FALSE,NA,3752,"Acrisure Stadium",221,"Pittsburgh","fbs","ACC",59,0.972757041454315,1576,1688,193,"Miami (OH)","fbs","Mid-American",14,0.0272429585456848,1364,1252,3.28896347100921,"",NA,NA
401856665,2026,1,"regular","2026-09-05T16:45:00.000Z",FALSE,TRUE,FALSE,FALSE,NA,3994,"Williams-Brice Stadium",2579,"South Carolina","fbs","SEC",57,0.996338486671448,1631,1763,2309,"Kent State","fbs","Mid-American",0,0.00366151332855225,1167,1035,2.92771038316582,"",NA,NA
401856779,2026,1,"regular","2026-09-05T17:00:00.000Z",FALSE,TRUE,FALSE,FALSE,NA,3772,"Jack Trice Stadium",66,"Iowa State","fbs","Big 12",38,0.972602963447571,1586,NA,2546,"Southeast Missouri State","fcs","OVC",10,0.0273970365524292,NA,NA,3.64888010750565,"",NA,NA
401864496,2026,1,"regular","2026-09-05T17:00:00.000Z",FALSE,TRUE,FALSE,FALSE,NA,3713,"Falcon Stadium",2005,"Air Force","fbs","Mountain West",34,0.992472767829895,1424,NA,2184,"Duquesne","fcs","NEC",0,0.00752723217010498,NA,NA,2.65610309200564,"",NA,NA
401856659,2026,1,"regular","2026-09-05T17:00:00.000Z",FALSE,TRUE,FALSE,FALSE,NA,3683,"Kroger Field",96,"Kentucky","fbs","SEC",45,0.983405292034149,1476,NA,2754,"Youngstown State","fcs","MVFC",13,0.0165947079658508,NA,NA,2.75874015072338,"",NA,NA
401862698,2026,1,"regular","2026-09-05T18:00:00.000Z",FALSE,TRUE,FALSE,FALSE,NA,3806,"Lincoln Financial Field",218,"Temple","fbs","American Athletic",38,0.99945056438446,1312,NA,227,"Rhode Island","fcs","Coastal Athletic",14,0.000549435615539551,NA,NA,4.42782614803974,"",NA,NA
401856658,2026,1,"regular","2026-09-05T19:00:00.000Z",FALSE,TRUE,FALSE,FALSE,NA,3917,"Sanford Stadium",61,"Georgia","fbs","SEC",63,0.987844705581665,1871,NA,2634,"Tennessee State","fcs","OVC",3,0.012155294418335,NA,NA,2.86243488755273,"",NA,NA
401866627,2026,1,"regular","2026-09-05T19:30:00.000Z",FALSE,TRUE,FALSE,FALSE,NA,3792,"Kidd Brewer Stadium",2026,"App State","fbs","Sun Belt",55,0.992509663105011,1310,NA,311,"Maine","fcs","Coastal Athletic",3,0.00749033689498901,NA,NA,3.16109898824662,"",NA,NA
401858434,2026,1,"regular","2026-09-05T19:30:00.000Z",FALSE,TRUE,FALSE,FALSE,NA,3632,"Beaver Stadium",213,"Penn State","fbs","Big Ten",45,0.994947910308838,1802,1905,276,"Marshall","fbs","Sun Belt",0,0.00505208969116211,1478,1375,2.79702178517314,"",NA,NA
401858433,2026,1,"regular","2026-09-05T19:30:00.000Z",FALSE,TRUE,FALSE,FALSE,NA,3626,"Autzen Stadium",2483,"Oregon","fbs","Big Ten",34,0.938327372074127,1880,1877,68,"Boise State","fbs","Pac-12",27,0.0616726279258728,1562,1565,7.77598124685572,"",NA,NA
401862696,2026,1,"regular","2026-09-05T19:30:00.000Z",FALSE,TRUE,FALSE,FALSE,NA,3852,"Navy-Marine Corps Memorial Stadium",2426,"Navy","fbs","American Athletic",42,0.976482093334198,1550,NA,119,"Towson","fcs","Coastal Athletic",15,0.023517906665802,NA,NA,3.27623346714197,"",NA,NA
401862694,2026,1,"regular","2026-09-05T19:30:00.000Z",FALSE,TRUE,FALSE,FALSE,NA,4418,"Jerry Richardson Stadium",2429,"Charlotte","fbs","American Athletic",41,0.243508160114288,1182,NA,2643,"The Citadel","fcs","Southern",43,0.756491839885712,NA,NA,9.44247506165221,"",NA,NA
401856636,2026,1,"regular","2026-09-05T19:30:00.000Z",FALSE,TRUE,TRUE,FALSE,NA,5348,"Mercedes-Benz Stadium",2,"Auburn","fbs","SEC",17,0.532752633094788,1613,1610,239,"Baylor","fbs","Big 12",16,0.467247366905212,1506,1509,7.42400479869632,"","Aflac Kickoff",NA
401858209,2026,1,"regular","2026-09-05T19:30:00.000Z",FALSE,TRUE,FALSE,FALSE,NA,3982,"Wallace Wade Stadium",150,"Duke","fbs","ACC",17,0.880161046981812,1581,1605,2655,"Tulane","fbs","American Athletic",3,0.119838953018188,1555,1531,4.39943363175002,"",NA,NA
401864499,2026,1,"regular","2026-09-05T19:30:00.000Z",FALSE,TRUE,FALSE,FALSE,NA,3714,"Fargodome",2449,"North Dakota State","fbs","Mountain West",38,0.99168199300766,1562,NA,2230,"Fordham","fcs","Patriot",0,0.00831800699234009,NA,NA,3.33209881830007,"",NA,NA
401856667,2026,1,"regular","2026-09-05T19:30:00.000Z",FALSE,TRUE,FALSE,FALSE,NA,3910,"DKR-Texas Memorial Stadium",251,"Texas","fbs","SEC",59,0.938178956508636,1784,1921,326,"Texas State","fbs","Pac-12",7,0.0618210434913635,1570,1433,3.43129085562999,"",NA,NA
401856666,2026,1,"regular","2026-09-05T19:30:00.000Z",FALSE,TRUE,FALSE,FALSE,NA,3853,"Neyland Stadium",2633,"Tennessee","fbs","SEC",56,0.992505133152008,1691,NA,231,"Furman","fcs","Southern",9,0.00749486684799194,NA,NA,3.54811805544854,"",NA,NA
401862700,2026,1,"regular","2026-09-05T19:30:00.000Z",FALSE,TRUE,FALSE,FALSE,NA,3604,"Alamodome",2636,"UTSA","fbs","American Athletic",45,0.978093266487122,1522,NA,292,"UT Rio Grande Valley","fcs","Southland",16,0.0219067335128784,NA,NA,3.7453634219052,"",NA,NA
401856777,2026,1,"regular","2026-09-05T19:30:00.000Z",FALSE,TRUE,FALSE,FALSE,NA,3854,"Nippert Stadium",2132,"Cincinnati","fbs","Big 12",34,0.988601803779602,1480,1516,103,"Boston College","fbs","ACC",15,0.0113981962203979,1406,1370,4.68861017514021,"",NA,NA
401856772,2026,1,"regular","2026-09-05T19:45:00.000Z",FALSE,TRUE,FALSE,FALSE,NA,3674,"Chapman Stadium",202,"Tulsa","fbs","American Athletic",24,0.99650502204895,1240,1265,197,"Oklahoma State","fbs","Big 12",10,0.0034949779510498,1240,1215,4.45874799276138,"",NA,NA
401856635,2026,1,"regular","2026-09-05T20:15:00.000Z",FALSE,TRUE,FALSE,FALSE,NA,3887,"Razorback Stadium",8,"Arkansas","fbs","SEC",31,0.993638217449188,1547,NA,2453,"North Alabama","fcs","UAC",14,0.00636178255081177,NA,NA,4.25726741846599,"",NA,NA
401858426,2026,1,"regular","2026-09-05T20:15:00.000Z",FALSE,TRUE,FALSE,FALSE,NA,3793,"Kinnick Stadium",2294,"Iowa","fbs","Big Ten",40,0.989465653896332,1791,1868,2459,"Northern Illinois","fbs","Mountain West",0,0.0105343461036682,1322,1245,2.99147626404138,"",NA,NA
401868356,2026,1,"regular","2026-09-05T21:00:00.000Z",FALSE,TRUE,FALSE,FALSE,NA,3815,"M. M. Roberts Stadium",2572,"Southern Miss","fbs","Sun Belt",49,0.987774670124054,1350,NA,2016,"Alcorn State","fcs","SWAC",3,0.012225329875946,NA,NA,3.8068213470335,"",NA,NA
401867973,2026,1,"regular","2026-09-05T22:00:00.000Z",FALSE,TRUE,FALSE,FALSE,NA,3918,"S.B. Ballard Stadium",295,"Old Dominion","fbs","Sun Belt",31,0.969330370426178,1336,NA,2450,"Norfolk State","fcs","MEAC",10,0.030669629573822,NA,NA,3.93690699135455,"",NA,NA
401860878,2026,1,"regular","2026-09-05T22:00:00.000Z",FALSE,TRUE,FALSE,FALSE,NA,5388,"Canvas Stadium",36,"Colorado State","fbs","Pac-12",35,0.987883508205414,1273,1327,2751,"Wyoming","fbs","Mountain West",13,0.0121164917945862,1363,1309,4.44754335026778,"",NA,NA
401868170,2026,1,"regular","2026-09-05T23:00:00.000Z",FALSE,TRUE,FALSE,FALSE,NA,3608,"Allen E. Paulson Stadium",290,"Georgia Southern","fbs","Sun Belt",31,0.983183681964874,1376,NA,2127,"Charleston Southern","fcs","OVC",0,0.0168163180351257,NA,NA,4.21542704806037,"",NA,NA
401856669,2026,1,"regular","2026-09-05T23:00:00.000Z",FALSE,TRUE,FALSE,FALSE,NA,3973,"FirstBank Stadium",238,"Vanderbilt","fbs","SEC",28,0.971022605895996,1753,NA,2046,"Austin Peay","fcs","UAC",9,0.0289773941040039,NA,NA,3.97018687014318,"",NA,NA
401862695,2026,1,"regular","2026-09-05T23:00:00.000Z",FALSE,TRUE,FALSE,FALSE,NA,3805,"Simmons Bank Liberty Stadium",235,"Memphis","fbs","American Athletic",42,0.985093414783478,1541,1570,2032,"Arkansas State","fbs","Sun Belt",24,0.0149065852165222,1378,1349,6.03140221971487,"",NA,NA
401856668,2026,1,"regular","2026-09-05T23:00:00.000Z",FALSE,TRUE,FALSE,FALSE,NA,3795,"Kyle Field",245,"Texas A&M","fbs","SEC",50,0.994026899337769,1748,1865,2623,"Missouri State","fbs","Conference USA",0,0.00597310066223145,1385,1268,2.92429311895731,"",NA,NA
401867866,2026,1,"regular","2026-09-05T23:00:00.000Z",FALSE,TRUE,FALSE,FALSE,NA,3725,"Johnny ""Red"" Floyd Stadium",2393,"Middle Tennessee","fbs","Conference USA",38,0.987774848937988,1276,NA,93,"Murray State","fcs","MVFC",14,0.0122251510620117,NA,NA,3.46566474264055,"",NA,NA
401856770,2026,1,"regular","2026-09-05T23:00:00.000Z",FALSE,TRUE,FALSE,FALSE,NA,3784,"Jones AT&T Stadium",2641,"Texas Tech","fbs","Big 12",33,0.990841209888458,1870,NA,2000,"Abilene Christian","fcs","UAC",10,0.00915879011154175,NA,NA,3.26718664611292,"",NA,NA
401856771,2026,1,"regular","2026-09-05T23:00:00.000Z",FALSE,TRUE,FALSE,FALSE,NA,3636,"Bill Snyder Family Stadium",2306,"Kansas State","fbs","Big 12",71,0.99085533618927,1616,NA,2447,"Nicholls","fcs","Southland",3,0.00914466381072998,NA,NA,2.74802892656695,"",NA,NA
401868316,2026,1,"regular","2026-09-05T23:00:00.000Z",FALSE,TRUE,FALSE,FALSE,NA,6526,"Hancock Whitney Stadium",6,"South Alabama","fbs","Sun Belt",39,0.964635789394379,1390,NA,2545,"SE Louisiana","fcs","Southland",14,0.0353642106056213,NA,NA,3.50440656691219,"",NA,NA
401870763,2026,1,"regular","2026-09-05T23:00:00.000Z",FALSE,TRUE,FALSE,FALSE,NA,3975,"Veterans Memorial Stadium (AL)",2653,"Troy","fbs","Sun Belt",24,0.910603880882263,1422,1416,2534,"Sam Houston","fbs","Conference USA",21,0.0893961191177368,1162,1168,6.88010614978495,"",NA,NA
401868140,2026,1,"regular","2026-09-05T23:00:00.000Z",FALSE,TRUE,FALSE,FALSE,NA,3662,"AmFirst Stadium",55,"Jacksonville State","fbs","Conference USA",49,0.990320086479187,1432,NA,2198,"Eastern Kentucky","fcs","UAC",7,0.00967991352081299,NA,NA,3.38730434024342,"",NA,NA
401862697,2026,1,"regular","2026-09-05T23:00:00.000Z",FALSE,TRUE,FALSE,FALSE,NA,3895,"Rice Stadium",242,"Rice","fbs","American Athletic",31,0.998884081840515,1196,NA,2277,"Houston Christian","fcs","Southland",3,0.00111591815948486,NA,NA,3.56647871762382,"",NA,NA
401862699,2026,1,"regular","2026-09-05T23:00:00.000Z",FALSE,TRUE,FALSE,FALSE,NA,3886,"Raymond James Stadium",58,"South Florida","fbs","American Athletic",19,0.881942808628082,1682,1686,2229,"Florida International","fbs","Conference USA",9,0.118057191371918,1382,1378,5.54756021986163,"",NA,NA
401860880,2026,1,"regular","2026-09-05T23:00:00.000Z",FALSE,TRUE,FALSE,FALSE,NA,3905,"Maverik Stadium",328,"Utah State","fbs","Pac-12",17,0.630008459091187,1376,NA,304,"Idaho State","fcs","Big Sky",29,0.369991540908813,NA,NA,6.26401945722506,"",NA,NA
401869129,2026,1,"regular","2026-09-05T23:30:00.000Z",FALSE,TRUE,FALSE,FALSE,NA,3776,"Joe Aillet Stadium",2348,"Louisiana Tech","fbs","Sun Belt",80,0.998963177204132,1454,NA,2466,"Northwestern State","fcs","Southland",6,0.00103682279586792,NA,NA,3.28526642013992,"",NA,NA
401858211,2026,1,"regular","2026-09-05T23:30:00.000Z",FALSE,TRUE,FALSE,FALSE,NA,3799,"Lane Stadium",259,"Virginia Tech","fbs","ACC",73,0.995954990386963,1421,NA,2678,"VMI","fcs","Southern",3,0.00404500961303711,NA,NA,2.60177623534419,"",NA,NA
401858428,2026,1,"regular","2026-09-05T23:30:00.000Z",FALSE,TRUE,FALSE,FALSE,NA,3558,"Michigan Stadium",130,"Michigan","fbs","Big Ten",13,0.640415906906128,1690,1686,2711,"Western Michigan","fbs","Mid-American",12,0.359584093093872,1530,1534,6.0419647715213,"",NA,NA
401856660,2026,1,"regular","2026-09-05T23:30:00.000Z",FALSE,TRUE,FALSE,FALSE,NA,3958,"Tiger Stadium (LA)",99,"LSU","fbs","SEC",51,0.991990029811859,1616,1736,228,"Clemson","fbs","ACC",10,0.00800997018814087,1670,1550,3.26574087068045,"",NA,NA
401856662,2026,1,"regular","2026-09-05T23:30:00.000Z",FALSE,TRUE,FALSE,FALSE,NA,3693,"Davis Wade Stadium",344,"Mississippi State","fbs","SEC",62,0.98338258266449,1478,1597,2433,"UL Monroe","fbs","Sun Belt",13,0.0166174173355103,1177,1058,3.16319986829004,"",NA,NA
401856637,2026,1,"regular","2026-09-05T23:45:00.000Z",FALSE,TRUE,FALSE,FALSE,NA,3634,"Ben Hill Griffin Stadium",57,"Florida","fbs","SEC",66,0.984415709972382,1562,1669,2226,"Florida Atlantic","fbs","American Athletic",21,0.0155842900276184,1285,1178,3.93095606680657,"",NA,NA
401856775,2026,1,"regular","2026-09-06T00:00:00.000Z",FALSE,TRUE,FALSE,FALSE,NA,3801,"LaVell Edwards Stadium",252,"BYU","fbs","Big 12",63,0.992727994918823,1666,NA,3101,"Utah Tech","fcs","Big Sky",7,0.00727200508117676,NA,NA,2.62442662670845,"",NA,NA
401858431,2026,1,"regular","2026-09-06T00:00:00.000Z",FALSE,TRUE,FALSE,FALSE,NA,5960,"Lanny and Sharon Martin Stadium",77,"Northwestern","fbs","Big Ten",34,0.906431317329407,1549,NA,2571,"South Dakota State","fcs","MVFC",18,0.0935686826705933,NA,NA,5.92968046185173,"",NA,NA
401869142,2026,1,"regular","2026-09-06T00:00:00.000Z",FALSE,TRUE,FALSE,FALSE,NA,3666,"Cajun Field",309,"Louisiana","fbs","Sun Belt",38,0.986138999462128,1389,NA,2320,"Lamar","fcs","Southland",7,0.0138610005378723,NA,NA,3.25495252408083,"",NA,NA
401858427,2026,1,"regular","2026-09-06T00:00:00.000Z",FALSE,TRUE,FALSE,FALSE,NA,3665,"SECU Stadium",120,"Maryland","fbs","Big Ten",62,0.981254696846008,1424,NA,2261,"Hampton","fcs","Coastal Athletic",0,0.0187453031539917,NA,NA,3.01164633038104,"",NA,NA
401870790,2026,1,"regular","2026-09-06T01:00:00.000Z",FALSE,TRUE,FALSE,FALSE,NA,3601,"Aggie Memorial Stadium",166,"New Mexico State","fbs","Conference USA",51,0.998004198074341,1259,NA,2385,"Mercyhurst","fcs","NEC",14,0.00199580192565918,NA,NA,6.55136005778978,"",NA,NA
401860879,2026,1,"regular","2026-09-06T01:30:00.000Z",FALSE,TRUE,FALSE,FALSE,NA,7311,"Snapdragon Stadium",21,"San Diego State","fbs","Pac-12",53,0.966738700866699,1518,NA,2502,"Portland State","fcs","Big Sky",20,0.0332612991333008,NA,NA,4.42214473950195,"",NA,NA
401856773,2026,1,"regular","2026-09-06T01:30:00.000Z",FALSE,TRUE,FALSE,FALSE,NA,3619,"Arizona Stadium",12,"Arizona","fbs","Big 12",35,0.990177512168884,1625,NA,2464,"Northern Arizona","fcs","Big Sky",7,0.00982248783111572,NA,NA,3.02004708260404,"",NA,NA
401864498,2026,1,"regular","2026-09-06T02:00:00.000Z",FALSE,TRUE,FALSE,FALSE,NA,3971,"University Stadium (NM)",167,"New Mexico","fbs","Mountain West",38,0.993262469768524,1496,1564,2117,"Central Michigan","fbs","Mid-American",7,0.00673753023147583,1321,1253,2.60756011444372,"",NA,NA
401856774,2026,1,"regular","2026-09-06T02:00:00.000Z",FALSE,TRUE,FALSE,FALSE,NA,3947,"Mountain America Stadium",9,"Arizona State","fbs","Big 12",70,0.989778816699982,1572,NA,2415,"Morgan State","fcs","MEAC",7,0.0102211833000183,NA,NA,3.01584977373658,"",NA,NA
401864497,2026,1,"regular","2026-09-06T02:00:00.000Z",FALSE,TRUE,FALSE,TRUE,NA,7220,"Clarence T.C. Ching Athletics Complex",62,"Hawai'i","fbs","Mountain West",6,0.0169622376561165,1454,1421,2439,"UNLV","fbs","Mountain West",21,0.983037762343884,1566,1599,4.13533115579978,"",NA,NA
401866411,2026,1,"regular","2026-09-06T02:00:00.000Z",FALSE,TRUE,FALSE,FALSE,NA,3757,"Hornet Stadium",16,"Sacramento State","fbs","Mid-American",52,0.983206510543823,1476,NA,2400,"Mississippi Valley State","fcs","SWAC",0,0.0167934894561768,NA,NA,3.03998021595653,"",NA,NA
401858210,2026,1,"regular","2026-09-06T02:30:00.000Z",FALSE,TRUE,FALSE,FALSE,NA,3831,"California Memorial Stadium",25,"California","fbs","ACC",24,0.0236060805618763,1406,1346,26,"UCLA","fbs","Big Ten",45,0.976393919438124,1381,1441,7.11639743180562,"",NA,NA
401864432,2026,1,"regular","2026-09-06T02:30:00.000Z",FALSE,TRUE,FALSE,FALSE,NA,3816,"Mackay Stadium",2440,"Nevada","fbs","Mountain West",49,0.992536842823029,1351,1451,98,"Western Kentucky","fbs","Conference USA",14,0.00746315717697144,1438,1338,3.65403558492598,"",NA,NA
401858437,2026,1,"regular","2026-09-06T20:00:00.000Z",FALSE,TRUE,FALSE,FALSE,NA,3765,"Husky Stadium",264,"Washington","fbs","Big Ten",24,0.940367996692657,1744,1764,265,"Washington State","fbs","Pac-12",10,0.0596320033073425,1619,1599,4.42721225533321,"",NA,NA
401856661,2026,1,"regular","2026-09-06T23:30:00.000Z",FALSE,FALSE,TRUE,FALSE,NA,3810,"Nissan Stadium",145,"Ole Miss","fbs","SEC",NA,NA,1839,NA,97,"Louisville","fbs","ACC",NA,NA,1666,NA,NA,"","Liberty Mutual Music City Kickoff",NA
401858438,2026,1,"regular","2026-09-06T23:30:00.000Z",FALSE,TRUE,TRUE,FALSE,NA,3798,"Lambeau Field",87,"Notre Dame","fbs","FBS Independents",41,0.872545421123505,1995,2041,275,"Wisconsin","fbs","Big Ten",13,0.127454578876495,1501,1455,4.71746245658742,"",NA,NA
401858212,2026,1,"regular","2026-09-07T23:30:00.000Z",FALSE,FALSE,FALSE,TRUE,NA,3697,"Doak Campbell Stadium",52,"Florida State","fbs","ACC",NA,NA,1559,NA,2567,"SMU","fbs","ACC",NA,NA,1734,NA,NA,"",NA,NA
401858213,2026,2,"regular","2026-09-11T00:00:00.000Z",FALSE,FALSE,FALSE,FALSE,NA,3948,"Hard Rock Stadium",2390,"Miami","fbs","ACC",NA,NA,1930,NA,50,"Florida A&M","fcs","SWAC",NA,NA,NA,NA,NA,"",NA,NA
401858215,2026,2,"regular","2026-09-11T23:00:00.000Z",FALSE,FALSE,FALSE,FALSE,NA,3873,"L&N Federal Credit Union Stadium",97,"Louisville","fbs","ACC",NA,NA,NA,NA,222,"Villanova","fcs","Patriot",NA,NA,NA,NA,NA,"",NA,NA
401858220,2026,2,"regular","2026-09-11T23:00:00.000Z",FALSE,FALSE,FALSE,FALSE,NA,3923,"Scott Stadium",258,"Virginia","fbs","ACC",NA,NA,1652,NA,2450,"Norfolk State","fcs","MEAC",NA,NA,NA,NA,NA,"",NA,NA
401858222,2026,2,"regular","2026-09-11T23:00:00.000Z",FALSE,FALSE,FALSE,FALSE,NA,3670,"Carter-Finley Stadium",152,"NC State","fbs","ACC",NA,NA,1509,NA,257,"Richmond","fcs","Patriot",NA,NA,NA,NA,NA,"",NA,NA
401858214,2026,2,"regular","2026-09-11T23:30:00.000Z",FALSE,FALSE,FALSE,FALSE,NA,3615,"Alumni Stadium (Chestnut Hill, MA)",103,"Boston College","fbs","ACC",NA,NA,1370,NA,164,"Rutgers","fbs","Big Ten",NA,NA,1408,NA,NA,"",NA,NA
401856678,2026,2,"regular","2026-09-12T00:00:00.000Z",FALSE,FALSE,FALSE,FALSE,NA,3833,"Memorial Stadium",2305,"Kansas","fbs","Big 12",NA,NA,NA,NA,142,"Missouri","fbs","SEC",NA,NA,NA,NA,NA,"",NA,NA
401856781,2026,2,"regular","2026-09-12T16:00:00.000Z",FALSE,FALSE,FALSE,FALSE,NA,3636,"Bill Snyder Family Stadium",2306,"Kansas State","fbs","Big 12",NA,NA,NA,NA,265,"Washington State","fbs","Pac-12",NA,NA,1599,NA,NA,"",NA,NA
401858221,2026,2,"regular","2026-09-12T16:00:00.000Z",FALSE,FALSE,FALSE,FALSE,NA,3799,"Lane Stadium",259,"Virginia Tech","fbs","ACC",NA,NA,NA,NA,295,"Old Dominion","fbs","Sun Belt",NA,NA,1336,NA,NA,"",NA,NA
401856679,2026,2,"regular","2026-09-12T16:00:00.000Z",FALSE,FALSE,FALSE,FALSE,NA,3558,"Michigan Stadium",130,"Michigan","fbs","Big Ten",NA,NA,1686,NA,201,"Oklahoma","fbs","SEC",NA,NA,1819,NA,NA,"",NA,NA
401866416,2026,2,"regular","2026-09-12T16:00:00.000Z",FALSE,FALSE,FALSE,FALSE,NA,3696,"Dix Stadium",2309,"Kent State","fbs","Mid-American",NA,NA,1035,NA,2747,"Wofford","fcs","Southern",NA,NA,NA,NA,NA,"",NA,NA
401858439,2026,2,"regular","2026-09-12T16:00:00.000Z",FALSE,FALSE,FALSE,FALSE,NA,3830,"Memorial Stadium (Bloomington, IN)",84,"Indiana","fbs","Big Ten",NA,NA,2132,NA,47,"Howard","fcs","MEAC",NA,NA,NA,NA,NA,"",NA,NA
401856782,2026,2,"regular","2026-09-12T16:00:00.000Z",FALSE,FALSE,FALSE,FALSE,NA,3646,"Boone Pickens Stadium",197,"Oklahoma State","fbs","Big 12",NA,NA,1215,NA,2483,"Oregon","fbs","Big Ten",NA,NA,1877,NA,NA,"",NA,NA
401858218,2026,2,"regular","2026-09-12T16:00:00.000Z",FALSE,FALSE,FALSE,FALSE,NA,3787,"Kenan Stadium",153,"North Carolina","fbs","ACC",NA,NA,1395,NA,2193,"East Tennessee State","fcs","Southern",NA,NA,NA,NA,NA,"",NA,NA
401856683,2026,2,"regular","2026-09-12T16:00:00.000Z",FALSE,FALSE,FALSE,FALSE,NA,3795,"Kyle Field",245,"Texas A&M","fbs","SEC",NA,NA,1865,NA,9,"Arizona State","fbs","Big 12",NA,NA,NA,NA,NA,"",NA,NA
401862702,2026,2,"regular","2026-09-12T16:00:00.000Z",FALSE,FALSE,FALSE,TRUE,NA,3841,"Michie Stadium",349,"Army","fbs","American Athletic",NA,NA,1527,NA,58,"South Florida","fbs","American Athletic",NA,NA,1686,NA,NA,"",NA,NA
401858224,2026,2,"regular","2026-09-12T16:00:00.000Z",FALSE,FALSE,FALSE,FALSE,NA,3907,"Ross-Ade Stadium",2509,"Purdue","fbs","Big Ten",NA,NA,NA,NA,154,"Wake Forest","fbs","ACC",NA,NA,1540,NA,NA,"",NA,NA
401864571,2026,2,"regular","2026-09-12T16:00:00.000Z",FALSE,FALSE,FALSE,FALSE,NA,3699,"Dowdy-Ficklen Stadium",151,"East Carolina","fbs","American Athletic",NA,NA,1471,NA,2026,"App State","fbs","Sun Belt",NA,NA,NA,NA,NA,"",NA,NA
401858442,2026,2,"regular","2026-09-12T16:00:00.000Z",FALSE,FALSE,FALSE,FALSE,NA,3806,"Lincoln Financial Field",218,"Temple","fbs","American Athletic",NA,NA,NA,NA,213,"Penn State","fbs","Big Ten",NA,NA,1905,NA,NA,"",NA,NA
401856673,2026,2,"regular","2026-09-12T16:45:00.000Z",FALSE,FALSE,FALSE,FALSE,NA,3917,"Sanford Stadium",61,"Georgia","fbs","SEC",NA,NA,NA,NA,98,"Western Kentucky","fbs","Conference USA",NA,NA,1338,NA,NA,"",NA,NA
401856791,2026,2,"regular","2026-09-12T17:00:00.000Z",FALSE,FALSE,FALSE,FALSE,NA,3842,"Milan Puskar Stadium",277,"West Virginia","fbs","Big 12",NA,NA,1365,NA,2630,"UT Martin","fcs","OVC",NA,NA,NA,NA,NA,"",NA,NA
401866415,2026,2,"regular","2026-09-12T17:00:00.000Z",FALSE,FALSE,FALSE,FALSE,NA,3786,"Kelly/Shorts Stadium",2117,"Central Michigan","fbs","Mid-American",NA,NA,1253,NA,2142,"Colgate","fcs","Patriot",NA,NA,NA,NA,NA,"",NA,NA
401866417,2026,2,"regular","2026-09-12T17:00:00.000Z",FALSE,FALSE,FALSE,FALSE,NA,3996,"Yager Stadium",193,"Miami (OH)","fbs","Mid-American",NA,NA,1252,NA,107,"Holy Cross","fcs","Patriot",NA,NA,NA,NA,NA,"",NA,NA
401866413,2026,2,"regular","2026-09-12T18:00:00.000Z",FALSE,FALSE,FALSE,FALSE,NA,3919,"Scheumann Stadium",2050,"Ball State","fbs","Mid-American",NA,NA,1076,NA,2619,"Stony Brook","fcs","Coastal Athletic",NA,NA,NA,NA,NA,"",NA,NA
401856677,2026,2,"regular","2026-09-12T19:30:00.000Z",FALSE,FALSE,FALSE,FALSE,NA,3953,"Huntington Bank Stadium",135,"Minnesota","fbs","Big Ten",NA,NA,NA,NA,344,"Mississippi State","fbs","SEC",NA,NA,1597,NA,NA,"",NA,NA
401858217,2026,2,"regular","2026-09-12T19:30:00.000Z",FALSE,FALSE,FALSE,FALSE,NA,3832,"Memorial Stadium (Champaign, IL)",356,"Illinois","fbs","Big Ten",NA,NA,1597,NA,150,"Duke","fbs","ACC",NA,NA,1605,NA,NA,"",NA,NA
401856790,2026,2,"regular","2026-09-12T19:30:00.000Z",FALSE,FALSE,FALSE,FALSE,NA,3752,"Acrisure Stadium",221,"Pittsburgh","fbs","ACC",NA,NA,1688,NA,2116,"UCF","fbs","Big 12",NA,NA,NA,NA,NA,"",NA,NA
401858444,2026,2,"regular","2026-09-12T19:30:00.000Z",FALSE,FALSE,FALSE,FALSE,NA,3892,"Pratt & Whitney Stadium",41,"UConn","fbs","FBS Independents",NA,NA,NA,NA,120,"Maryland","fbs","Big Ten",NA,NA,NA,NA,NA,"",NA,NA
401860884,2026,2,"regular","2026-09-12T19:30:00.000Z",FALSE,FALSE,FALSE,FALSE,NA,3644,"Bobcat Stadium (TX)",326,"Texas State","fbs","Pac-12",NA,NA,1433,NA,2636,"UTSA","fbs","American Athletic",NA,NA,1522,NA,NA,"",NA,NA
401858440,2026,2,"regular","2026-09-12T19:30:00.000Z",FALSE,FALSE,FALSE,FALSE,NA,3936,"Spartan Stadium",127,"Michigan State","fbs","Big Ten",NA,NA,1460,NA,2199,"Eastern Michigan","fbs","Mid-American",NA,NA,1338,NA,NA,"",NA,NA
401858216,2026,2,"regular","2026-09-12T19:30:00.000Z",FALSE,FALSE,FALSE,TRUE,NA,1964,"JMA Wireless Dome",183,"Syracuse","fbs","ACC",NA,NA,NA,NA,25,"California","fbs","ACC",NA,NA,1346,NA,NA,"",NA,NA
401858446,2026,2,"regular","2026-09-12T19:30:00.000Z",FALSE,FALSE,FALSE,FALSE,NA,3765,"Husky Stadium",264,"Washington","fbs","Big Ten",NA,NA,1764,NA,328,"Utah State","fbs","Pac-12",NA,NA,1376,NA,NA,"",NA,NA
401859184,2026,2,"regular","2026-09-12T19:30:00.000Z",FALSE,FALSE,FALSE,FALSE,NA,3855,"Notre Dame Stadium",87,"Notre Dame","fbs","FBS Independents",NA,NA,2041,NA,242,"Rice","fbs","American Athletic",NA,NA,NA,NA,NA,"",NA,NA
401856810,2026,2,"regular","2026-09-12T19:30:00.000Z",FALSE,FALSE,FALSE,TRUE,NA,3801,"LaVell Edwards Stadium",252,"BYU","fbs","Big 12",NA,NA,NA,NA,12,"Arizona","fbs","Big 12",NA,NA,NA,NA,NA,"",NA,NA
401856785,2026,2,"regular","2026-09-12T19:30:00.000Z",FALSE,FALSE,FALSE,FALSE,NA,3726,"Folsom Field",38,"Colorado","fbs","Big 12",NA,NA,1404,NA,2692,"Weber State","fcs","Big Sky",NA,NA,NA,NA,NA,"",NA,NA
401862708,2026,2,"regular","2026-09-12T19:30:00.000Z",FALSE,FALSE,FALSE,FALSE,NA,7221,"Protective Stadium",5,"UAB","fbs","American Athletic",NA,NA,1409,NA,2433,"UL Monroe","fbs","Sun Belt",NA,NA,1058,NA,NA,"",NA,NA
401856674,2026,2,"regular","2026-09-12T19:30:00.000Z",FALSE,FALSE,FALSE,TRUE,NA,3683,"Kroger Field",96,"Kentucky","fbs","SEC",NA,NA,NA,NA,333,"Alabama","fbs","SEC",NA,NA,1829,NA,NA,"",NA,NA
401866420,2026,2,"regular","2026-09-12T19:30:00.000Z",FALSE,FALSE,FALSE,FALSE,NA,3985,"Warren McGuirk Alumni Stadium",113,"Massachusetts","fbs","Mid-American",NA,NA,1049,NA,2529,"Sacred Heart","fcs","Coastal Athletic",NA,NA,NA,NA,NA,"",NA,NA
401866419,2026,2,"regular","2026-09-12T19:30:00.000Z",FALSE,FALSE,FALSE,FALSE,NA,3739,"Glass Bowl",2649,"Toledo","fbs","Mid-American",NA,NA,1576,NA,2115,"Central Connecticut","fcs","NEC",NA,NA,NA,NA,NA,"",NA,NA
401867929,2026,2,"regular","2026-09-12T19:30:00.000Z",FALSE,FALSE,FALSE,FALSE,NA,3651,"Bridgeforth Stadium",256,"James Madison","fbs","Sun Belt",NA,NA,1776,NA,2681,"Wagner","fcs","NEC",NA,NA,NA,NA,NA,"",NA,NA
401866412,2026,2,"regular","2026-09-12T19:30:00.000Z",FALSE,FALSE,FALSE,FALSE,NA,3768,"InfoCision Stadium",2006,"Akron","fbs","Mid-American",NA,NA,905,NA,2523,"Robert Morris","fcs","NEC",NA,NA,NA,NA,NA,"",NA,NA
401862705,2026,2,"regular","2026-09-12T19:45:00.000Z",FALSE,FALSE,FALSE,FALSE,NA,3825,"DATCU Stadium",249,"North Texas","fbs","American Athletic",NA,NA,1571,NA,2439,"UNLV","fbs","Mountain West",NA,NA,1599,NA,NA,"",NA,NA
401858223,2026,2,"regular","2026-09-12T20:00:00.000Z",FALSE,FALSE,FALSE,FALSE,NA,3735,"Gerald J. Ford Stadium",2567,"SMU","fbs","ACC",NA,NA,NA,NA,302,"UC Davis","fcs","Big Sky",NA,NA,NA,NA,NA,"",NA,NA
401865252,2026,2,"regular","2026-09-12T20:00:00.000Z",FALSE,FALSE,FALSE,FALSE,NA,3971,"University Stadium (NM)",167,"New Mexico","fbs","Mountain West",NA,NA,1564,NA,2385,"Mercyhurst","fcs","NEC",NA,NA,NA,NA,NA,"",NA,NA
401864506,2026,2,"regular","2026-09-12T20:00:00.000Z",FALSE,FALSE,FALSE,FALSE,NA,3984,"War Memorial Stadium",2751,"Wyoming","fbs","Mountain West",NA,NA,1309,NA,2458,"Northern Colorado","fcs","Big Sky",NA,NA,NA,NA,NA,"",NA,NA
401868326,2026,2,"regular","2026-09-12T20:00:00.000Z",FALSE,FALSE,FALSE,FALSE,NA,3975,"Veterans Memorial Stadium (AL)",2653,"Troy","fbs","Sun Belt",NA,NA,1416,NA,2011,"Alabama State","fcs","SWAC",NA,NA,NA,NA,NA,"",NA,NA
401856684,2026,2,"regular","2026-09-12T20:15:00.000Z",FALSE,FALSE,FALSE,FALSE,NA,3973,"FirstBank Stadium",238,"Vanderbilt","fbs","SEC",NA,NA,NA,NA,48,"Delaware","fbs","Conference USA",NA,NA,NA,NA,NA,"",NA,NA
401856672,2026,2,"regular","2026-09-12T21:30:00.000Z",FALSE,FALSE,FALSE,FALSE,NA,3634,"Ben Hill Griffin Stadium",57,"Florida","fbs","SEC",NA,NA,1669,NA,2097,"Campbell","fcs","Coastal Athletic",NA,NA,NA,NA,NA,"",NA,NA
401868187,2026,2,"regular","2026-09-12T22:00:00.000Z",FALSE,FALSE,FALSE,FALSE,NA,3992,"Williams Stadium (VA)",2335,"Liberty","fbs","Conference USA",NA,NA,1697,NA,2241,"Gardner-Webb","fcs","OVC",NA,NA,NA,NA,NA,"",NA,NA
401860881,2026,2,"regular","2026-09-12T22:00:00.000Z",FALSE,FALSE,FALSE,FALSE,NA,3653,"Albertsons Stadium",68,"Boise State","fbs","Pac-12",NA,NA,1565,NA,235,"Memphis","fbs","American Athletic",NA,NA,1570,NA,NA,"",NA,NA
401866418,2026,2,"regular","2026-09-12T22:00:00.000Z",FALSE,FALSE,FALSE,FALSE,NA,3876,"Peden Stadium",195,"Ohio","fbs","Mid-American",NA,NA,1313,NA,55,"Jacksonville State","fbs","Conference USA",NA,NA,1432,NA,NA,"",NA,NA
401866414,2026,2,"regular","2026-09-12T22:00:00.000Z",FALSE,FALSE,FALSE,FALSE,NA,2031,"Pitbull Stadium",2229,"Florida International","fbs","Conference USA",NA,NA,1378,NA,2084,"Buffalo","fbs","Mid-American",NA,NA,NA,NA,NA,"",NA,NA
401866421,2026,2,"regular","2026-09-12T22:30:00.000Z",FALSE,FALSE,FALSE,FALSE,NA,3980,"Waldo Stadium",2711,"Western Michigan","fbs","Mid-American",NA,NA,1534,NA,2405,"Monmouth","fcs","Coastal Athletic",NA,NA,NA,NA,NA,"",NA,NA
401864503,2026,2,"regular","2026-09-12T23:00:00.000Z",FALSE,FALSE,FALSE,FALSE,NA,3764,"Huskie Stadium",2459,"Northern Illinois","fbs","Mountain West",NA,NA,1245,NA,2287,"Illinois State","fcs","MVFC",NA,NA,NA,NA,NA,"",NA,NA
401856787,2026,2,"regular","2026-09-12T23:00:00.000Z",FALSE,FALSE,FALSE,FALSE,NA,4728,"TDECU Stadium",248,"Houston","fbs","Big 12",NA,NA,1521,NA,2582,"Southern","fcs","SWAC",NA,NA,NA,NA,NA,"",NA,NA
401860882,2026,2,"regular","2026-09-12T23:00:00.000Z",FALSE,FALSE,FALSE,FALSE,NA,5388,"Canvas Stadium",36,"Colorado State","fbs","Pac-12",NA,NA,1327,NA,253,"Southern Utah","fcs","Big Sky",NA,NA,NA,NA,NA,"",NA,NA
401862707,2026,2,"regular","2026-09-12T23:00:00.000Z",FALSE,FALSE,FALSE,FALSE,NA,3647,"Elliott T. Bowers Stadium",2534,"Sam Houston","fbs","Conference USA",NA,NA,1168,NA,202,"Tulsa","fbs","American Athletic",NA,NA,1265,NA,NA,"",NA,NA
401856786,2026,2,"regular","2026-09-12T23:00:00.000Z",FALSE,FALSE,FALSE,FALSE,NA,3854,"Nippert Stadium",2132,"Cincinnati","fbs","Big 12",NA,NA,1516,NA,2717,"Western Carolina","fcs","Southern",NA,NA,NA,NA,NA,"",NA,NA
401868241,2026,2,"regular","2026-09-12T23:00:00.000Z",FALSE,FALSE,FALSE,FALSE,NA,3625,"Centennial Bank Stadium",2032,"Arkansas State","fbs","Sun Belt",NA,NA,1349,NA,2698,"West Georgia","fcs","UAC",NA,NA,NA,NA,NA,"",NA,NA
401858441,2026,2,"regular","2026-09-12T23:00:00.000Z",FALSE,FALSE,FALSE,FALSE,NA,3834,"Memorial Stadium (Lincoln, NE)",158,"Nebraska","fbs","Big Ten",NA,NA,1597,NA,189,"Bowling Green","fbs","Mid-American",NA,NA,NA,NA,NA,"",NA,NA
401856681,2026,2,"regular","2026-09-12T23:00:00.000Z",FALSE,FALSE,FALSE,FALSE,NA,721,"Bobby Dodd Stadium",59,"Georgia Tech","fbs","ACC",NA,NA,1555,NA,2633,"Tennessee","fbs","SEC",NA,NA,NA,NA,NA,"",NA,NA
401871046,2026,2,"regular","2026-09-12T23:00:00.000Z",FALSE,FALSE,FALSE,FALSE,NA,3878,"Plaster Sports Complex",2623,"Missouri State","fbs","Conference USA",NA,NA,1268,NA,2815,"Lindenwood","fcs","OVC",NA,NA,NA,NA,NA,"",NA,NA
401869955,2026,2,"regular","2026-09-12T23:00:00.000Z",FALSE,FALSE,FALSE,FALSE,NA,4899,"Fifth Third Stadium",338,"Kennesaw State","fbs","Conference USA",NA,NA,NA,NA,2247,"Georgia State","fbs","Sun Belt",NA,NA,NA,NA,NA,"",NA,NA
401864575,2026,2,"regular","2026-09-12T23:00:00.000Z",FALSE,FALSE,FALSE,FALSE,NA,4729,"Yulman Stadium",2655,"Tulane","fbs","American Athletic",NA,NA,1531,NA,6,"South Alabama","fbs","Sun Belt",NA,NA,NA,NA,NA,"",NA,NA
401856680,2026,2,"regular","2026-09-12T23:00:00.000Z",FALSE,FALSE,FALSE,FALSE,NA,3994,"Williams-Brice Stadium",2579,"South Carolina","fbs","SEC",NA,NA,1763,NA,119,"Towson","fcs","Coastal Athletic",NA,NA,NA,NA,NA,"",NA,NA
401871045,2026,2,"regular","2026-09-12T23:00:00.000Z",FALSE,FALSE,FALSE,FALSE,NA,3775,"Joan C. Edwards Stadium",276,"Marshall","fbs","Sun Belt",NA,NA,1375,NA,2393,"Middle Tennessee","fbs","Conference USA",NA,NA,NA,NA,NA,"",NA,NA
401858447,2026,2,"regular","2026-09-12T23:15:00.000Z",FALSE,FALSE,FALSE,FALSE,NA,347,"Camp Randall Stadium",275,"Wisconsin","fbs","Big Ten",NA,NA,1455,NA,2710,"Western Illinois","fcs","OVC",NA,NA,NA,NA,NA,"",NA,NA
401858443,2026,2,"regular","2026-09-12T23:15:00.000Z",FALSE,FALSE,FALSE,FALSE,NA,1056,"Rose Bowl",26,"UCLA","fbs","Big Ten",NA,NA,1441,NA,21,"San Diego State","fbs","Pac-12",NA,NA,NA,NA,NA,"",NA,NA
401868008,2026,2,"regular","2026-09-12T23:30:00.000Z",FALSE,FALSE,FALSE,FALSE,NA,3654,"Brooks Stadium (SC)",324,"Coastal Carolina","fbs","Sun Belt",NA,NA,1270,NA,2230,"Fordham","fcs","Patriot",NA,NA,NA,NA,NA,"",NA,NA
401867796,2026,2,"regular","2026-09-12T23:30:00.000Z",FALSE,FALSE,FALSE,FALSE,NA,3958,"Tiger Stadium (LA)",99,"LSU","fbs","SEC",NA,NA,1736,NA,2348,"Louisiana Tech","fbs","Sun Belt",NA,NA,NA,NA,NA,"",NA,NA
401862703,2026,2,"regular","2026-09-12T23:30:00.000Z",FALSE,FALSE,FALSE,TRUE,NA,3715,"FAU Stadium",2226,"Florida Atlantic","fbs","American Athletic",NA,NA,1178,NA,2426,"Navy","fbs","American Athletic",NA,NA,NA,NA,NA,"",NA,NA
401856788,2026,2,"regular","2026-09-12T23:30:00.000Z",FALSE,FALSE,FALSE,FALSE,NA,3793,"Kinnick Stadium",2294,"Iowa","fbs","Big Ten",NA,NA,1868,NA,66,"Iowa State","fbs","Big 12",NA,NA,NA,NA,NA,"",NA,NA
401858219,2026,2,"regular","2026-09-12T23:30:00.000Z",FALSE,FALSE,FALSE,FALSE,NA,3836,"Memorial Stadium (Clemson, SC)",228,"Clemson","fbs","ACC",NA,NA,1550,NA,290,"Georgia Southern","fbs","Sun Belt",NA,NA,NA,NA,NA,"",NA,NA
401856682,2026,2,"regular","2026-09-12T23:30:00.000Z",FALSE,FALSE,FALSE,FALSE,NA,3910,"DKR-Texas Memorial Stadium",251,"Texas","fbs","SEC",NA,NA,1921,NA,194,"Ohio State","fbs","Big Ten",NA,NA,2022,NA,NA,"",NA,NA
401856783,2026,2,"regular","2026-09-12T23:30:00.000Z",FALSE,FALSE,FALSE,FALSE,NA,3893,"Reser Stadium",204,"Oregon State","fbs","Pac-12",NA,NA,1253,NA,2641,"Texas Tech","fbs","Big 12",NA,NA,NA,NA,NA,"",NA,NA
401856676,2026,2,"regular","2026-09-12T23:45:00.000Z",FALSE,FALSE,FALSE,FALSE,NA,3974,"Vaught-Hemingway Stadium",145,"Ole Miss","fbs","SEC",NA,NA,NA,NA,2429,"Charlotte","fbs","American Athletic",NA,NA,NA,NA,NA,"",NA,NA
401856671,2026,2,"regular","2026-09-12T23:45:00.000Z",FALSE,FALSE,FALSE,FALSE,NA,3785,"Jordan-Hare Stadium",2,"Auburn","fbs","SEC",NA,NA,1610,NA,2572,"Southern Miss","fbs","Sun Belt",NA,NA,NA,NA,NA,"",NA,NA
401856789,2026,2,"regular","2026-09-13T00:00:00.000Z",FALSE,FALSE,FALSE,FALSE,NA,3616,"Amon G. Carter Stadium",2628,"TCU","fbs","Big 12",NA,NA,1598,NA,2755,"Grambling","fcs","SWAC",NA,NA,NA,NA,NA,"",NA,NA
401856784,2026,2,"regular","2026-09-13T00:00:00.000Z",FALSE,FALSE,FALSE,FALSE,NA,4727,"McLane Stadium",239,"Baylor","fbs","Big 12",NA,NA,1509,NA,2504,"Prairie View A&M","fcs","SWAC",NA,NA,NA,NA,NA,"",NA,NA
401864505,2026,2,"regular","2026-09-13T01:00:00.000Z",FALSE,FALSE,FALSE,FALSE,NA,3946,"Sun Bowl",2638,"UTEP","fbs","Mountain West",NA,NA,1143,NA,2640,"Texas Southern","fcs","SWAC",NA,NA,NA,NA,NA,"",NA,NA
401864504,2026,2,"regular","2026-09-13T01:00:00.000Z",FALSE,FALSE,FALSE,FALSE,NA,3935,"CEFCU Stadium",23,"San José State","fbs","Mountain West",NA,NA,1407,NA,13,"Cal Poly","fcs","Big Sky",NA,NA,NA,NA,NA,"",NA,NA
401864502,2026,2,"regular","2026-09-13T02:00:00.000Z",FALSE,FALSE,FALSE,TRUE,NA,3713,"Falcon Stadium",2005,"Air Force","fbs","Mountain West",NA,NA,NA,NA,2449,"North Dakota State","fbs","Mountain West",NA,NA,1562,NA,NA,"",NA,NA
401856670,2026,2,"regular","2026-09-13T02:15:00.000Z",FALSE,FALSE,FALSE,FALSE,NA,587,"Rice-Eccles Stadium",254,"Utah","fbs","Big 12",NA,NA,NA,NA,8,"Arkansas","fbs","SEC",NA,NA,NA,NA,NA,"",NA,NA
401864500,2026,2,"regular","2026-09-13T02:30:00.000Z",FALSE,FALSE,FALSE,FALSE,NA,3816,"Mackay Stadium",2440,"Nevada","fbs","Mountain West",NA,NA,1451,NA,147,"Montana State","fcs","Big Sky",NA,NA,NA,NA,NA,"",NA,NA
401860883,2026,2,"regular","2026-09-13T02:30:00.000Z",FALSE,FALSE,FALSE,FALSE,NA,3660,"Valley Children's Stadium",278,"Fresno State","fbs","Pac-12",NA,NA,1442,NA,16,"Sacramento State","fbs","Mid-American",NA,NA,1476,NA,NA,"",NA,NA
401858445,2026,2,"regular","2026-09-13T03:00:00.000Z",FALSE,FALSE,FALSE,FALSE,NA,477,"Los Angeles Memorial Coliseum",30,"USC","fbs","Big Ten",NA,NA,1763,NA,309,"Louisiana","fbs","Sun Belt",NA,NA,NA,NA,NA,"",NA,NA
401864578,2026,2,"regular","2026-09-13T03:59:00.000Z",FALSE,FALSE,FALSE,FALSE,NA,7220,"Clarence T.C. Ching Athletics Complex",62,"Hawai'i","fbs","Mountain West",NA,NA,1421,NA,166,"New Mexico State","fbs","Conference USA",NA,NA,1259,NA,NA,"",NA,NA
401858225,2026,3,"regular","2026-09-17T23:30:00.000Z",FALSE,FALSE,FALSE,TRUE,NA,3752,"Acrisure Stadium",221,"Pittsburgh","fbs","ACC",NA,NA,1688,NA,183,"Syracuse","fbs","ACC",NA,NA,NA,NA,NA,"",NA,NA
401858226,2026,3,"regular","2026-09-18T23:30:00.000Z",FALSE,FALSE,FALSE,TRUE,NA,3630,"Allegacy Federal Credit Union Stadium",154,"Wake Forest","fbs","ACC",NA,NA,1540,NA,2390,"Miami","fbs","ACC",NA,NA,1930,NA,NA,"",NA,NA
401856811,2026,3,"regular","2026-09-19T00:00:00.000Z",FALSE,FALSE,FALSE,TRUE,NA,3784,"Jones AT&T Stadium",2641,"Texas Tech","fbs","Big 12",NA,NA,NA,NA,248,"Houston","fbs","Big 12",NA,NA,1521,NA,NA,"",NA,NA
401858455,2026,3,"regular","2026-09-19T02:30:00.000Z",FALSE,FALSE,FALSE,FALSE,NA,3626,"Autzen Stadium",2483,"Oregon","fbs","Big Ten",NA,NA,1877,NA,2502,"Portland State","fcs","Big Sky",NA,NA,NA,NA,NA,"",NA,NA
401869940,2026,3,"regular","2026-09-19T15:30:00.000Z",FALSE,FALSE,FALSE,FALSE,NA,3695,"Delaware Stadium",48,"Delaware","fbs","Conference USA",NA,NA,NA,NA,324,"Coastal Carolina","fbs","Sun Belt",NA,NA,1270,NA,NA,"",NA,NA
401858228,2026,3,"regular","2026-09-19T16:00:00.000Z",FALSE,FALSE,FALSE,FALSE,NA,721,"Bobby Dodd Stadium",59,"Georgia Tech","fbs","ACC",NA,NA,1555,NA,2382,"Mercer","fcs","Southern",NA,NA,NA,NA,NA,"",NA,NA
401858454,2026,3,"regular","2026-09-19T16:00:00.000Z",FALSE,FALSE,FALSE,FALSE,NA,3861,"Ohio Stadium",194,"Ohio State","fbs","Big Ten",NA,NA,2022,NA,2309,"Kent State","fbs","Mid-American",NA,NA,1035,NA,NA,"",NA,NA
401860889,2026,3,"regular","2026-09-19T16:00:00.000Z",FALSE,FALSE,FALSE,FALSE,NA,3644,"Bobcat Stadium (TX)",326,"Texas State","fbs","Pac-12",NA,NA,1433,NA,249,"North Texas","fbs","American Athletic",NA,NA,1571,NA,NA,"",NA,NA
401858456,2026,3,"regular","2026-09-19T16:00:00.000Z",FALSE,FALSE,FALSE,FALSE,NA,3632,"Beaver Stadium",213,"Penn State","fbs","Big Ten",NA,NA,1905,NA,2084,"Buffalo","fbs","Mid-American",NA,NA,NA,NA,NA,"",NA,NA
401856798,2026,3,"regular","2026-09-19T16:00:00.000Z",FALSE,FALSE,FALSE,FALSE,NA,3772,"Jack Trice Stadium",66,"Iowa State","fbs","Big 12",NA,NA,NA,NA,189,"Bowling Green","fbs","Mid-American",NA,NA,NA,NA,NA,"",NA,NA
401856792,2026,3,"regular","2026-09-19T16:00:00.000Z",FALSE,FALSE,FALSE,FALSE,NA,3636,"Bill Snyder Family Stadium",2306,"Kansas State","fbs","Big 12",NA,NA,NA,NA,2655,"Tulane","fbs","American Athletic",NA,NA,1531,NA,NA,"",NA,NA
401856812,2026,3,"regular","2026-09-19T16:00:00.000Z",FALSE,FALSE,TRUE,TRUE,NA,2455,"Wembley Stadium",2305,"Kansas","fbs","Big 12",NA,NA,NA,NA,9,"Arizona State","fbs","Big 12",NA,NA,NA,NA,NA,"",NA,NA
401858229,2026,3,"regular","2026-09-19T16:00:00.000Z",FALSE,FALSE,FALSE,TRUE,NA,3836,"Memorial Stadium (Clemson, SC)",228,"Clemson","fbs","ACC",NA,NA,1550,NA,153,"North Carolina","fbs","ACC",NA,NA,1395,NA,NA,"",NA,NA
401856686,2026,3,"regular","2026-09-19T16:00:00.000Z",FALSE,FALSE,FALSE,TRUE,NA,3887,"Razorback Stadium",8,"Arkansas","fbs","SEC",NA,NA,NA,NA,61,"Georgia","fbs","SEC",NA,NA,NA,NA,NA,"",NA,NA
401858451,2026,3,"regular","2026-09-19T16:00:00.000Z",FALSE,FALSE,FALSE,FALSE,NA,3953,"Huntington Bank Stadium",135,"Minnesota","fbs","Big Ten",NA,NA,NA,NA,2006,"Akron","fbs","Mid-American",NA,NA,905,NA,NA,"",NA,NA
401858460,2026,3,"regular","2026-09-19T16:30:00.000Z",FALSE,FALSE,FALSE,FALSE,NA,347,"Camp Randall Stadium",275,"Wisconsin","fbs","Big Ten",NA,NA,1455,NA,2199,"Eastern Michigan","fbs","Mid-American",NA,NA,1338,NA,NA,"",NA,NA
401856695,2026,3,"regular","2026-09-19T16:45:00.000Z",FALSE,FALSE,FALSE,FALSE,NA,3973,"FirstBank Stadium",238,"Vanderbilt","fbs","SEC",NA,NA,NA,NA,152,"NC State","fbs","ACC",NA,NA,1509,NA,NA,"",NA,NA
401864508,2026,3,"regular","2026-09-19T17:00:00.000Z",FALSE,FALSE,FALSE,FALSE,NA,3786,"Kelly/Shorts Stadium",2117,"Central Michigan","fbs","Mid-American",NA,NA,1253,NA,2751,"Wyoming","fbs","Mountain West",NA,NA,1309,NA,NA,"",NA,NA
401858227,2026,3,"regular","2026-09-19T18:00:00.000Z",FALSE,FALSE,FALSE,FALSE,NA,3615,"Alumni Stadium (Chestnut Hill, MA)",103,"Boston College","fbs","ACC",NA,NA,1370,NA,311,"Maine","fcs","Coastal Athletic",NA,NA,NA,NA,NA,"",NA,NA
401858448,2026,3,"regular","2026-09-19T18:00:00.000Z",FALSE,FALSE,FALSE,FALSE,NA,3832,"Memorial Stadium (Champaign, IL)",356,"Illinois","fbs","Big Ten",NA,NA,1597,NA,79,"Southern Illinois","fcs","MVFC",NA,NA,NA,NA,NA,"",NA,NA
401862774,2026,3,"regular","2026-09-19T19:00:00.000Z",FALSE,FALSE,FALSE,FALSE,NA,3739,"Glass Bowl",2649,"Toledo","fbs","Mid-American",NA,NA,1576,NA,218,"Temple","fbs","American Athletic",NA,NA,NA,NA,NA,"",NA,NA
401858457,2026,3,"regular","2026-09-19T19:30:00.000Z",FALSE,FALSE,FALSE,TRUE,NA,6577,"SHI Stadium",164,"Rutgers","fbs","Big Ten",NA,NA,1408,NA,30,"USC","fbs","Big Ten",NA,NA,1763,NA,NA,"",NA,NA
401858450,2026,3,"regular","2026-09-19T19:30:00.000Z",FALSE,FALSE,FALSE,FALSE,NA,3558,"Michigan Stadium",130,"Michigan","fbs","Big Ten",NA,NA,1686,NA,2638,"UTEP","fbs","Mountain West",NA,NA,1143,NA,NA,"",NA,NA
401856685,2026,3,"regular","2026-09-19T19:30:00.000Z",FALSE,FALSE,FALSE,FALSE,NA,3657,"Bryant-Denny Stadium",333,"Alabama","fbs","SEC",NA,NA,1829,NA,52,"Florida State","fbs","ACC",NA,NA,1559,NA,NA,"",NA,NA
401856694,2026,3,"regular","2026-09-19T19:30:00.000Z",FALSE,FALSE,FALSE,TRUE,NA,3795,"Kyle Field",245,"Texas A&M","fbs","SEC",NA,NA,1865,NA,96,"Kentucky","fbs","SEC",NA,NA,NA,NA,NA,"",NA,NA
401858233,2026,3,"regular","2026-09-19T19:30:00.000Z",FALSE,FALSE,FALSE,FALSE,NA,3831,"California Memorial Stadium",25,"California","fbs","ACC",NA,NA,1346,NA,2681,"Wagner","fcs","NEC",NA,NA,NA,NA,NA,"",NA,NA
401858230,2026,3,"regular","2026-09-19T19:30:00.000Z",FALSE,FALSE,FALSE,TRUE,NA,3873,"L&N Federal Credit Union Stadium",97,"Louisville","fbs","ACC",NA,NA,NA,NA,2567,"SMU","fbs","ACC",NA,NA,NA,NA,NA,"",NA,NA
401866424,2026,3,"regular","2026-09-19T19:30:00.000Z",FALSE,FALSE,FALSE,FALSE,NA,3985,"Warren McGuirk Alumni Stadium",113,"Massachusetts","fbs","Mid-American",NA,NA,1049,NA,284,"Stonehill","fcs","NEC",NA,NA,NA,NA,NA,"",NA,NA
401856801,2026,3,"regular","2026-09-19T19:30:00.000Z",FALSE,FALSE,FALSE,FALSE,NA,587,"Rice-Eccles Stadium",254,"Utah","fbs","Big 12",NA,NA,NA,NA,328,"Utah State","fbs","Pac-12",NA,NA,1376,NA,NA,"",NA,NA
401856797,2026,3,"regular","2026-09-19T19:30:00.000Z",FALSE,FALSE,FALSE,FALSE,NA,7173,"TQL Stadium",2132,"Cincinnati","fbs","Big 12",NA,NA,1516,NA,193,"Miami (OH)","fbs","Mid-American",NA,NA,1252,NA,NA,"",NA,NA
401860890,2026,3,"regular","2026-09-19T19:30:00.000Z",FALSE,FALSE,FALSE,FALSE,NA,3820,"Gesa Field",265,"Washington State","fbs","Pac-12",NA,NA,1599,NA,2184,"Duquesne","fcs","NEC",NA,NA,NA,NA,NA,"",NA,NA
401858449,2026,3,"regular","2026-09-19T20:00:00.000Z",FALSE,FALSE,FALSE,FALSE,NA,3830,"Memorial Stadium (Bloomington, IN)",84,"Indiana","fbs","Big Ten",NA,NA,2132,NA,98,"Western Kentucky","fbs","Conference USA",NA,NA,1338,NA,NA,"",NA,NA
401858231,2026,3,"regular","2026-09-19T20:00:00.000Z",FALSE,FALSE,FALSE,TRUE,NA,3982,"Wallace Wade Stadium",150,"Duke","fbs","ACC",NA,NA,1605,NA,24,"Stanford","fbs","ACC",NA,NA,1408,NA,NA,"",NA,NA
401867804,2026,3,"regular","2026-09-19T20:00:00.000Z",FALSE,FALSE,FALSE,FALSE,NA,4727,"McLane Stadium",239,"Baylor","fbs","Big 12",NA,NA,1509,NA,2348,"Louisiana Tech","fbs","Sun Belt",NA,NA,NA,NA,NA,"",NA,NA
401866422,2026,3,"regular","2026-09-19T20:00:00.000Z",FALSE,FALSE,FALSE,FALSE,NA,3992,"Williams Stadium (VA)",2335,"Liberty","fbs","Conference USA",NA,NA,1697,NA,2050,"Ball State","fbs","Mid-American",NA,NA,1076,NA,NA,"",NA,NA
401858471,2026,3,"regular","2026-09-19T20:00:00.000Z",FALSE,FALSE,FALSE,FALSE,NA,3793,"Kinnick Stadium",2294,"Iowa","fbs","Big Ten",NA,NA,1868,NA,2460,"Northern Iowa","fcs","MVFC",NA,NA,NA,NA,NA,"",NA,NA
401856691,2026,3,"regular","2026-09-19T20:15:00.000Z",FALSE,FALSE,FALSE,TRUE,NA,3994,"Williams-Brice Stadium",2579,"South Carolina","fbs","SEC",NA,NA,1763,NA,344,"Mississippi State","fbs","SEC",NA,NA,1597,NA,NA,"",NA,NA
401868317,2026,3,"regular","2026-09-19T20:30:00.000Z",FALSE,FALSE,FALSE,FALSE,NA,3817,"Malone Stadium",2433,"UL Monroe","fbs","Sun Belt",NA,NA,1058,NA,2545,"SE Louisiana","fcs","Southland",NA,NA,NA,NA,NA,"",NA,NA
401862771,2026,3,"regular","2026-09-19T22:00:00.000Z",FALSE,FALSE,FALSE,FALSE,NA,3715,"FAU Stadium",2226,"Florida Atlantic","fbs","American Athletic",NA,NA,1178,NA,2229,"Florida International","fbs","Conference USA",NA,NA,1378,NA,NA,"",NA,NA
401864574,2026,3,"regular","2026-09-19T22:00:00.000Z",FALSE,FALSE,FALSE,FALSE,NA,3792,"Kidd Brewer Stadium",2026,"App State","fbs","Sun Belt",NA,NA,NA,NA,2429,"Charlotte","fbs","American Athletic",NA,NA,NA,NA,NA,"",NA,NA
401862710,2026,3,"regular","2026-09-19T22:00:00.000Z",FALSE,FALSE,FALSE,FALSE,NA,3918,"S.B. Ballard Stadium",295,"Old Dominion","fbs","Sun Belt",NA,NA,1336,NA,151,"East Carolina","fbs","American Athletic",NA,NA,1471,NA,NA,"",NA,NA
401871047,2026,3,"regular","2026-09-19T22:30:00.000Z",FALSE,FALSE,FALSE,FALSE,NA,3878,"Plaster Sports Complex",2623,"Missouri State","fbs","Conference USA",NA,NA,1268,NA,276,"Marshall","fbs","Sun Belt",NA,NA,1375,NA,NA,"",NA,NA
401862772,2026,3,"regular","2026-09-19T23:00:00.000Z",FALSE,FALSE,FALSE,FALSE,NA,3805,"Simmons Bank Liberty Stadium",235,"Memphis","fbs","American Athletic",NA,NA,1570,NA,2630,"UT Martin","fcs","OVC",NA,NA,NA,NA,NA,"",NA,NA
401864443,2026,3,"regular","2026-09-19T23:00:00.000Z",FALSE,FALSE,FALSE,FALSE,NA,3725,"Johnny ""Red"" Floyd Stadium",2393,"Middle Tennessee","fbs","Conference USA",NA,NA,NA,NA,2440,"Nevada","fbs","Mountain West",NA,NA,1451,NA,NA,"",NA,NA
401862777,2026,3,"regular","2026-09-19T23:00:00.000Z",FALSE,FALSE,FALSE,FALSE,NA,3886,"Raymond James Stadium",58,"South Florida","fbs","American Athletic",NA,NA,1686,NA,2169,"Delaware State","fcs","MEAC",NA,NA,NA,NA,NA,"",NA,NA
401866423,2026,3,"regular","2026-09-19T23:00:00.000Z",FALSE,FALSE,FALSE,FALSE,NA,6526,"Hancock Whitney Stadium",6,"South Alabama","fbs","Sun Belt",NA,NA,NA,NA,195,"Ohio","fbs","Mid-American",NA,NA,1313,NA,NA,"",NA,NA
401856803,2026,3,"regular","2026-09-19T23:00:00.000Z",FALSE,FALSE,FALSE,FALSE,NA,3646,"Boone Pickens Stadium",197,"Oklahoma State","fbs","Big 12",NA,NA,1215,NA,93,"Murray State","fcs","MVFC",NA,NA,NA,NA,NA,"",NA,NA
401856800,2026,3,"regular","2026-09-19T23:00:00.000Z",FALSE,FALSE,FALSE,FALSE,NA,3652,"FBC Mortgage Stadium",2116,"UCF","fbs","Big 12",NA,NA,NA,NA,2247,"Georgia State","fbs","Sun Belt",NA,NA,NA,NA,NA,"",NA,NA
401856687,2026,3,"regular","2026-09-19T23:00:00.000Z",FALSE,FALSE,FALSE,TRUE,NA,3785,"Jordan-Hare Stadium",2,"Auburn","fbs","SEC",NA,NA,1610,NA,57,"Florida","fbs","SEC",NA,NA,1669,NA,NA,"",NA,NA
401856689,2026,3,"regular","2026-09-19T23:00:00.000Z",FALSE,FALSE,FALSE,FALSE,NA,3838,"Memorial Stadium",142,"Missouri","fbs","SEC",NA,NA,NA,NA,2653,"Troy","fbs","Sun Belt",NA,NA,1416,NA,NA,"",NA,NA
401862773,2026,3,"regular","2026-09-19T23:00:00.000Z",FALSE,FALSE,FALSE,FALSE,NA,3895,"Rice Stadium",242,"Rice","fbs","American Athletic",NA,NA,NA,NA,2711,"Western Michigan","fbs","Mid-American",NA,NA,1534,NA,NA,"",NA,NA
401861963,2026,3,"regular","2026-09-19T23:00:00.000Z",FALSE,FALSE,FALSE,FALSE,NA,3815,"M. M. Roberts Stadium",2572,"Southern Miss","fbs","Sun Belt",NA,NA,NA,NA,41,"UConn","fbs","FBS Independents",NA,NA,NA,NA,NA,"",NA,NA
401870764,2026,3,"regular","2026-09-19T23:00:00.000Z",FALSE,FALSE,FALSE,FALSE,NA,3647,"Elliott T. Bowers Stadium",2534,"Sam Houston","fbs","Conference USA",NA,NA,1168,NA,2447,"Nicholls","fcs","Southland",NA,NA,NA,NA,NA,"",NA,NA
401869948,2026,3,"regular","2026-09-19T23:00:00.000Z",FALSE,FALSE,FALSE,FALSE,NA,3662,"AmFirst Stadium",55,"Jacksonville State","fbs","Conference USA",NA,NA,1432,NA,290,"Georgia Southern","fbs","Sun Belt",NA,NA,NA,NA,NA,"",NA,NA
401858452,2026,3,"regular","2026-09-19T23:15:00.000Z",FALSE,FALSE,FALSE,FALSE,NA,3834,"Memorial Stadium (Lincoln, NE)",158,"Nebraska","fbs","Big Ten",NA,NA,1597,NA,155,"North Dakota","fcs","MVFC",NA,NA,NA,NA,NA,"",NA,NA
401858459,2026,3,"regular","2026-09-19T23:15:00.000Z",FALSE,FALSE,FALSE,FALSE,NA,3765,"Husky Stadium",264,"Washington","fbs","Big Ten",NA,NA,1764,NA,331,"Eastern Washington","fcs","Big Sky",NA,NA,NA,NA,NA,"",NA,NA
401856795,2026,3,"regular","2026-09-19T23:30:00.000Z",FALSE,FALSE,FALSE,FALSE,NA,5388,"Canvas Stadium",36,"Colorado State","fbs","Pac-12",NA,NA,1327,NA,252,"BYU","fbs","Big 12",NA,NA,NA,NA,NA,"",NA,NA
401858453,2026,3,"regular","2026-09-19T23:30:00.000Z",FALSE,FALSE,FALSE,FALSE,NA,3855,"Notre Dame Stadium",87,"Notre Dame","fbs","FBS Independents",NA,NA,2041,NA,127,"Michigan State","fbs","Big Ten",NA,NA,1460,NA,NA,"",NA,NA
401858232,2026,3,"regular","2026-09-19T23:30:00.000Z",FALSE,FALSE,FALSE,FALSE,NA,3665,"SECU Stadium",120,"Maryland","fbs","Big Ten",NA,NA,NA,NA,259,"Virginia Tech","fbs","ACC",NA,NA,NA,NA,NA,"",NA,NA
401856796,2026,3,"regular","2026-09-19T23:30:00.000Z",FALSE,FALSE,FALSE,FALSE,NA,5960,"Lanny and Sharon Martin Stadium",77,"Northwestern","fbs","Big Ten",NA,NA,NA,NA,38,"Colorado","fbs","Big 12",NA,NA,1404,NA,NA,"",NA,NA
401856690,2026,3,"regular","2026-09-19T23:30:00.000Z",FALSE,FALSE,FALSE,FALSE,NA,3835,"Memorial Stadium (Norman, OK)",201,"Oklahoma","fbs","SEC",NA,NA,1819,NA,167,"New Mexico","fbs","Mountain West",NA,NA,1564,NA,NA,"",NA,NA
401856688,2026,3,"regular","2026-09-19T23:30:00.000Z",FALSE,FALSE,FALSE,TRUE,NA,3974,"Vaught-Hemingway Stadium",145,"Ole Miss","fbs","SEC",NA,NA,NA,NA,99,"LSU","fbs","SEC",NA,NA,1736,NA,NA,"",NA,NA
401856802,2026,3,"regular","2026-09-19T23:30:00.000Z",FALSE,FALSE,TRUE,FALSE,NA,3628,"Bank of America Stadium",258,"Virginia","fbs","ACC",NA,NA,1652,NA,277,"West Virginia","fbs","Big 12",NA,NA,1365,NA,NA,"","Duke’s Mayo Classic",NA
401856692,2026,3,"regular","2026-09-19T23:45:00.000Z",FALSE,FALSE,FALSE,FALSE,NA,3853,"Neyland Stadium",2633,"Tennessee","fbs","SEC",NA,NA,NA,NA,338,"Kennesaw State","fbs","Conference USA",NA,NA,NA,NA,NA,"",NA,NA
401862776,2026,3,"regular","2026-09-20T00:00:00.000Z",FALSE,FALSE,FALSE,FALSE,NA,3666,"Cajun Field",309,"Louisiana","fbs","Sun Belt",NA,NA,NA,NA,5,"UAB","fbs","American Athletic",NA,NA,1409,NA,NA,"",NA,NA
401862775,2026,3,"regular","2026-09-20T00:00:00.000Z",FALSE,FALSE,FALSE,FALSE,NA,3674,"Chapman Stadium",202,"Tulsa","fbs","American Athletic",NA,NA,1265,NA,2837,"East Texas A&M","fcs","Southland",NA,NA,NA,NA,NA,"",NA,NA
401856693,2026,3,"regular","2026-09-20T00:00:00.000Z",FALSE,FALSE,FALSE,FALSE,NA,3910,"DKR-Texas Memorial Stadium",251,"Texas","fbs","SEC",NA,NA,1921,NA,2636,"UTSA","fbs","American Athletic",NA,NA,1522,NA,NA,"",NA,NA
401856799,2026,3,"regular","2026-09-20T00:00:00.000Z",FALSE,FALSE,FALSE,FALSE,NA,3616,"Amon G. Carter Stadium",2628,"TCU","fbs","Big 12",NA,NA,1598,NA,2032,"Arkansas State","fbs","Sun Belt",NA,NA,1349,NA,NA,"",NA,NA
401860887,2026,3,"regular","2026-09-20T02:00:00.000Z",FALSE,FALSE,FALSE,FALSE,NA,7311,"Snapdragon Stadium",21,"San Diego State","fbs","Pac-12",NA,NA,NA,NA,256,"James Madison","fbs","Sun Belt",NA,NA,1776,NA,NA,"",NA,NA
401860885,2026,3,"regular","2026-09-20T02:00:00.000Z",FALSE,FALSE,FALSE,FALSE,NA,3653,"Albertsons Stadium",68,"Boise State","fbs","Pac-12",NA,NA,1565,NA,233,"South Dakota","fcs","MVFC",NA,NA,NA,NA,NA,"",NA,NA
401864507,2026,3,"regular","2026-09-20T02:30:00.000Z",FALSE,FALSE,FALSE,FALSE,NA,3757,"Hornet Stadium",16,"Sacramento State","fbs","Mid-American",NA,NA,1476,NA,2449,"North Dakota State","fbs","Mountain West",NA,NA,1562,NA,NA,"",NA,NA
401856793,2026,3,"regular","2026-09-20T02:30:00.000Z",FALSE,FALSE,FALSE,FALSE,NA,3619,"Arizona Stadium",12,"Arizona","fbs","Big 12",NA,NA,NA,NA,2459,"Northern Illinois","fbs","Mountain West",NA,NA,1245,NA,NA,"",NA,NA
401860886,2026,3,"regular","2026-09-20T03:00:00.000Z",FALSE,FALSE,FALSE,FALSE,NA,3893,"Reser Stadium",204,"Oregon State","fbs","Pac-12",NA,NA,1253,NA,149,"Montana","fcs","Big Sky",NA,NA,NA,NA,NA,"",NA,NA
401860888,2026,3,"regular","2026-09-20T03:00:00.000Z",FALSE,FALSE,FALSE,FALSE,NA,3935,"CEFCU Stadium",23,"San José State","fbs","Mountain West",NA,NA,1407,NA,278,"Fresno State","fbs","Pac-12",NA,NA,1442,NA,NA,"",NA,NA
401858458,2026,3,"regular","2026-09-20T03:00:00.000Z",FALSE,FALSE,FALSE,TRUE,NA,1056,"Rose Bowl",26,"UCLA","fbs","Big Ten",NA,NA,1441,NA,2509,"Purdue","fbs","Big Ten",NA,NA,NA,NA,NA,"",NA,NA
401869941,2026,4,"regular","2026-09-24T23:30:00.000Z",FALSE,FALSE,FALSE,FALSE,NA,3654,"Brooks Stadium (SC)",324,"Coastal Carolina","fbs","Sun Belt",NA,NA,1270,NA,2335,"Liberty","fbs","Conference USA",NA,NA,1697,NA,NA,"",NA,NA
401862779,2026,4,"regular","2026-09-25T20:00:00.000Z",FALSE,FALSE,FALSE,TRUE,NA,3806,"Lincoln Financial Field",218,"Temple","fbs","American Athletic",NA,NA,NA,NA,349,"Army","fbs","American Athletic",NA,NA,1527,NA,NA,"",NA,NA
401862778,2026,4,"regular","2026-09-25T23:00:00.000Z",FALSE,FALSE,FALSE,TRUE,NA,7221,"Protective Stadium",5,"UAB","fbs","American Athletic",NA,NA,1409,NA,2426,"Navy","fbs","American Athletic",NA,NA,NA,NA,NA,"",NA,NA
401858468,2026,4,"regular","2026-09-25T23:00:00.000Z",FALSE,FALSE,FALSE,FALSE,NA,6577,"SHI Stadium",164,"Rutgers","fbs","Big Ten",NA,NA,1408,NA,47,"Howard","fcs","MEAC",NA,NA,NA,NA,NA,"",NA,NA
401858461,2026,4,"regular","2026-09-26T00:00:00.000Z",FALSE,FALSE,FALSE,TRUE,NA,3830,"Memorial Stadium (Bloomington, IN)",84,"Indiana","fbs","Big Ten",NA,NA,2132,NA,77,"Northwestern","fbs","Big Ten",NA,NA,NA,NA,NA,"",NA,NA
401858234,2026,4,"regular","2026-09-26T02:30:00.000Z",FALSE,FALSE,FALSE,TRUE,NA,3831,"California Memorial Stadium",25,"California","fbs","ACC",NA,NA,1346,NA,228,"Clemson","fbs","ACC",NA,NA,1550,NA,NA,"",NA,NA
401860893,2026,4,"regular","2026-09-26T04:00:00.000Z",TRUE,FALSE,FALSE,FALSE,NA,3739,"Glass Bowl",2649,"Toledo","fbs","Mid-American",NA,NA,1576,NA,21,"San Diego State","fbs","Pac-12",NA,NA,NA,NA,NA,"",NA,NA
401858466,2026,4,"regular","2026-09-26T04:00:00.000Z",TRUE,FALSE,FALSE,TRUE,NA,3632,"Beaver Stadium",213,"Penn State","fbs","Big Ten",NA,NA,1905,NA,275,"Wisconsin","fbs","Big Ten",NA,NA,1455,NA,NA,"",NA,NA
401856703,2026,4,"regular","2026-09-26T04:00:00.000Z",TRUE,FALSE,FALSE,TRUE,NA,3693,"Davis Wade Stadium",344,"Mississippi State","fbs","SEC",NA,NA,1597,NA,142,"Missouri","fbs","SEC",NA,NA,NA,NA,NA,"","NIGHT: 6 - 8pm ET start",NA
401862784,2026,4,"regular","2026-09-26T04:00:00.000Z",TRUE,FALSE,FALSE,FALSE,NA,4729,"Yulman Stadium",2655,"Tulane","fbs","American Athletic",NA,NA,1531,NA,2572,"Southern Miss","fbs","Sun Belt",NA,NA,NA,NA,NA,"",NA,NA
401858470,2026,4,"regular","2026-09-26T04:00:00.000Z",TRUE,FALSE,FALSE,TRUE,NA,3765,"Husky Stadium",264,"Washington","fbs","Big Ten",NA,NA,1764,NA,135,"Minnesota","fbs","Big Ten",NA,NA,NA,NA,NA,"",NA,NA
401860897,2026,4,"regular","2026-09-26T04:00:00.000Z",TRUE,FALSE,FALSE,FALSE,NA,3980,"Waldo Stadium",2711,"Western Michigan","fbs","Mid-American",NA,NA,1534,NA,68,"Boise State","fbs","Pac-12",NA,NA,1565,NA,NA,"",NA,NA
401864511,2026,4,"regular","2026-09-26T04:00:00.000Z",TRUE,FALSE,FALSE,FALSE,NA,4246,"Center Parc Stadium",2247,"Georgia State","fbs","Sun Belt",NA,NA,NA,NA,2459,"Northern Illinois","fbs","Mountain West",NA,NA,1245,NA,NA,"",NA,NA
401858465,2026,4,"regular","2026-09-26T04:00:00.000Z",TRUE,FALSE,FALSE,TRUE,NA,3861,"Ohio Stadium",194,"Ohio State","fbs","Big Ten",NA,NA,2022,NA,356,"Illinois","fbs","Big Ten",NA,NA,1597,NA,NA,"",NA,NA
401860896,2026,4,"regular","2026-09-26T04:00:00.000Z",TRUE,FALSE,FALSE,FALSE,NA,3604,"Alamodome",2636,"UTSA","fbs","American Athletic",NA,NA,1522,NA,36,"Colorado State","fbs","Pac-12",NA,NA,1327,NA,NA,"",NA,NA
401862785,2026,4,"regular","2026-09-26T04:00:00.000Z",TRUE,FALSE,FALSE,FALSE,NA,3700,"Doyt L. Perry Stadium",189,"Bowling Green","fbs","Mid-American",NA,NA,NA,NA,58,"South Florida","fbs","American Athletic",NA,NA,1686,NA,NA,"",NA,NA
401862780,2026,4,"regular","2026-09-26T04:00:00.000Z",TRUE,FALSE,FALSE,FALSE,NA,4418,"Jerry Richardson Stadium",2429,"Charlotte","fbs","American Athletic",NA,NA,NA,NA,309,"Louisiana","fbs","Sun Belt",NA,NA,NA,NA,NA,"",NA,NA
401858469,2026,4,"regular","2026-09-26T04:00:00.000Z",TRUE,FALSE,FALSE,TRUE,NA,477,"Los Angeles Memorial Coliseum",30,"USC","fbs","Big Ten",NA,NA,1763,NA,2483,"Oregon","fbs","Big Ten",NA,NA,1877,NA,NA,"",NA,NA
401866425,2026,4,"regular","2026-09-26T04:00:00.000Z",TRUE,FALSE,FALSE,TRUE,NA,3696,"Dix Stadium",2309,"Kent State","fbs","Mid-American",NA,NA,1035,NA,2050,"Ball State","fbs","Mid-American",NA,NA,1076,NA,NA,"",NA,NA
401858467,2026,4,"regular","2026-09-26T04:00:00.000Z",TRUE,FALSE,FALSE,FALSE,NA,3907,"Ross-Ade Stadium",2509,"Purdue","fbs","Big Ten",NA,NA,NA,NA,87,"Notre Dame","fbs","FBS Independents",NA,NA,2041,NA,NA,"",NA,NA
401858462,2026,4,"regular","2026-09-26T04:00:00.000Z",TRUE,FALSE,FALSE,TRUE,NA,3665,"SECU Stadium",120,"Maryland","fbs","Big Ten",NA,NA,NA,NA,26,"UCLA","fbs","Big Ten",NA,NA,1441,NA,NA,"",NA,NA
401856813,2026,4,"regular","2026-09-26T04:00:00.000Z",TRUE,FALSE,FALSE,TRUE,NA,4727,"McLane Stadium",239,"Baylor","fbs","Big 12",NA,NA,1509,NA,38,"Colorado","fbs","Big 12",NA,NA,1404,NA,NA,"",NA,NA
401858239,2026,4,"regular","2026-09-26T04:00:00.000Z",TRUE,FALSE,FALSE,FALSE,NA,3923,"Scott Stadium",258,"Virginia","fbs","ACC",NA,NA,1652,NA,48,"Delaware","fbs","Conference USA",NA,NA,NA,NA,NA,"",NA,NA
401858237,2026,4,"regular","2026-09-26T04:00:00.000Z",TRUE,FALSE,FALSE,FALSE,NA,3697,"Doak Campbell Stadium",52,"Florida State","fbs","ACC",NA,NA,1559,NA,2110,"Central Arkansas","fcs","UAC",NA,NA,NA,NA,NA,"",NA,NA
401856881,2026,4,"regular","2026-09-26T04:00:00.000Z",TRUE,FALSE,FALSE,TRUE,NA,3842,"Milan Puskar Stadium",277,"West Virginia","fbs","Big 12",NA,NA,1365,NA,197,"Oklahoma State","fbs","Big 12",NA,NA,1215,NA,NA,"",NA,NA
401856814,2026,4,"regular","2026-09-26T04:00:00.000Z",TRUE,FALSE,FALSE,TRUE,NA,3854,"Nippert Stadium",2132,"Cincinnati","fbs","Big 12",NA,NA,1516,NA,2306,"Kansas State","fbs","Big 12",NA,NA,NA,NA,NA,"",NA,NA
401858243,2026,4,"regular","2026-09-26T04:00:00.000Z",TRUE,FALSE,FALSE,TRUE,NA,3873,"L&N Federal Credit Union Stadium",97,"Louisville","fbs","ACC",NA,NA,NA,NA,154,"Wake Forest","fbs","ACC",NA,NA,1540,NA,NA,"",NA,NA
401858241,2026,4,"regular","2026-09-26T04:00:00.000Z",TRUE,FALSE,FALSE,FALSE,NA,3735,"Gerald J. Ford Stadium",2567,"SMU","fbs","ACC",NA,NA,NA,NA,2623,"Missouri State","fbs","Conference USA",NA,NA,1268,NA,NA,"",NA,NA
401864572,2026,4,"regular","2026-09-26T04:00:00.000Z",TRUE,FALSE,FALSE,FALSE,NA,3670,"Carter-Finley Stadium",152,"NC State","fbs","ACC",NA,NA,1509,NA,2026,"App State","fbs","Sun Belt",NA,NA,NA,NA,NA,"",NA,NA
401861970,2026,4,"regular","2026-09-26T04:00:00.000Z",TRUE,FALSE,FALSE,FALSE,NA,3996,"Yager Stadium",193,"Miami (OH)","fbs","Mid-American",NA,NA,1252,NA,41,"UConn","fbs","FBS Independents",NA,NA,NA,NA,NA,"",NA,NA
401856816,2026,4,"regular","2026-09-26T04:00:00.000Z",TRUE,FALSE,FALSE,TRUE,NA,3772,"Jack Trice Stadium",66,"Iowa State","fbs","Big 12",NA,NA,NA,NA,254,"Utah","fbs","Big 12",NA,NA,NA,NA,NA,"",NA,NA
401856815,2026,4,"regular","2026-09-26T04:00:00.000Z",TRUE,FALSE,FALSE,TRUE,NA,3652,"FBC Mortgage Stadium",2116,"UCF","fbs","Big 12",NA,NA,NA,NA,2628,"TCU","fbs","Big 12",NA,NA,1598,NA,NA,"",NA,NA
401856702,2026,4,"regular","2026-09-26T04:00:00.000Z",TRUE,FALSE,FALSE,TRUE,NA,3958,"Tiger Stadium (LA)",99,"LSU","fbs","SEC",NA,NA,1736,NA,245,"Texas A&M","fbs","SEC",NA,NA,1865,NA,NA,"","FLEX: 3:30 - 4:30pm OR 6 - 8pm ET start",NA
401856699,2026,4,"regular","2026-09-26T04:00:00.000Z",TRUE,FALSE,FALSE,TRUE,NA,3634,"Ben Hill Griffin Stadium",57,"Florida","fbs","SEC",NA,NA,1669,NA,145,"Ole Miss","fbs","SEC",NA,NA,NA,NA,NA,"","FLEX: 3:30 - 4:30pm OR 6 - 8pm ET start",NA
401856696,2026,4,"regular","2026-09-26T04:00:00.000Z",TRUE,FALSE,FALSE,TRUE,NA,3657,"Bryant-Denny Stadium",333,"Alabama","fbs","SEC",NA,NA,1829,NA,2579,"South Carolina","fbs","SEC",NA,NA,1763,NA,NA,"","NIGHT: 6 - 8pm ET start",NA
401856698,2026,4,"regular","2026-09-26T04:00:00.000Z",TRUE,FALSE,FALSE,TRUE,NA,3785,"Jordan-Hare Stadium",2,"Auburn","fbs","SEC",NA,NA,1610,NA,238,"Vanderbilt","fbs","SEC",NA,NA,NA,NA,NA,"","AFTERNOON: 3:30 - 4:30pm ET start",NA
401856806,2026,4,"regular","2026-09-26T04:00:00.000Z",TRUE,FALSE,FALSE,FALSE,NA,3608,"Allen E. Paulson Stadium",290,"Georgia Southern","fbs","Sun Belt",NA,NA,NA,NA,248,"Houston","fbs","Big 12",NA,NA,1521,NA,NA,"",NA,NA
401856805,2026,4,"regular","2026-09-26T04:00:00.000Z",TRUE,FALSE,FALSE,FALSE,NA,3784,"Jones AT&T Stadium",2641,"Texas Tech","fbs","Big 12",NA,NA,NA,NA,2534,"Sam Houston","fbs","Conference USA",NA,NA,1168,NA,NA,"",NA,NA
401866429,2026,4,"regular","2026-09-26T04:00:00.000Z",TRUE,FALSE,FALSE,TRUE,NA,3757,"Hornet Stadium",16,"Sacramento State","fbs","Mid-American",NA,NA,1476,NA,113,"Massachusetts","fbs","Mid-American",NA,NA,1049,NA,NA,"",NA,NA
401869961,2026,4,"regular","2026-09-26T04:00:00.000Z",TRUE,FALSE,FALSE,TRUE,NA,3918,"S.B. Ballard Stadium",295,"Old Dominion","fbs","Sun Belt",NA,NA,1336,NA,256,"James Madison","fbs","Sun Belt",NA,NA,1776,NA,NA,"",NA,NA
401856700,2026,4,"regular","2026-09-26T04:00:00.000Z",TRUE,FALSE,FALSE,TRUE,NA,3917,"Sanford Stadium",61,"Georgia","fbs","SEC",NA,NA,NA,NA,201,"Oklahoma","fbs","SEC",NA,NA,1819,NA,NA,"","FLEX: 3:30 - 4:30pm OR 6 - 8pm ET start",NA
401864509,2026,4,"regular","2026-09-26T04:00:00.000Z",TRUE,FALSE,FALSE,TRUE,NA,3816,"Mackay Stadium",2440,"Nevada","fbs","Mountain West",NA,NA,1451,NA,2005,"Air Force","fbs","Mountain West",NA,NA,NA,NA,NA,"",NA,NA
401862782,2026,4,"regular","2026-09-26T04:00:00.000Z",TRUE,FALSE,FALSE,FALSE,NA,3817,"Malone Stadium",2433,"UL Monroe","fbs","Sun Belt",NA,NA,1058,NA,2226,"Florida Atlantic","fbs","American Athletic",NA,NA,1178,NA,NA,"",NA,NA
401858464,2026,4,"regular","2026-09-26T04:00:00.000Z",TRUE,FALSE,FALSE,TRUE,NA,3936,"Spartan Stadium",127,"Michigan State","fbs","Big Ten",NA,NA,1460,NA,158,"Nebraska","fbs","Big Ten",NA,NA,1597,NA,NA,"",NA,NA
401858463,2026,4,"regular","2026-09-26T04:00:00.000Z",TRUE,FALSE,FALSE,TRUE,NA,3558,"Michigan Stadium",130,"Michigan","fbs","Big Ten",NA,NA,1686,NA,2294,"Iowa","fbs","Big Ten",NA,NA,1868,NA,NA,"",NA,NA
401864512,2026,4,"regular","2026-09-26T04:00:00.000Z",TRUE,FALSE,FALSE,FALSE,NA,3768,"InfoCision Stadium",2006,"Akron","fbs","Mid-American",NA,NA,905,NA,2439,"UNLV","fbs","Mountain West",NA,NA,1599,NA,NA,"",NA,NA
401858242,2026,4,"regular","2026-09-26T04:00:00.000Z",TRUE,FALSE,FALSE,TRUE,NA,3615,"Alumni Stadium (Chestnut Hill, MA)",103,"Boston College","fbs","ACC",NA,NA,1370,NA,259,"Virginia Tech","fbs","ACC",NA,NA,NA,NA,NA,"",NA,NA
401858236,2026,4,"regular","2026-09-26T16:00:00.000Z",FALSE,FALSE,FALSE,FALSE,NA,3752,"Acrisure Stadium",221,"Pittsburgh","fbs","ACC",NA,NA,1688,NA,2083,"Bucknell","fcs","Patriot",NA,NA,NA,NA,NA,"",NA,NA
401856704,2026,4,"regular","2026-09-26T16:00:00.000Z",FALSE,FALSE,FALSE,TRUE,NA,3853,"Neyland Stadium",2633,"Tennessee","fbs","SEC",NA,NA,NA,NA,251,"Texas","fbs","SEC",NA,NA,1921,NA,NA,"",NA,NA
401864576,2026,4,"regular","2026-09-26T16:45:00.000Z",FALSE,FALSE,FALSE,FALSE,NA,3683,"Kroger Field",96,"Kentucky","fbs","SEC",NA,NA,NA,NA,6,"South Alabama","fbs","Sun Belt",NA,NA,NA,NA,NA,"",NA,NA
401866427,2026,4,"regular","2026-09-26T17:00:00.000Z",FALSE,FALSE,FALSE,FALSE,NA,3912,"Rynearson Stadium",2199,"Eastern Michigan","fbs","Mid-American",NA,NA,1338,NA,2815,"Lindenwood","fcs","OVC",NA,NA,NA,NA,NA,"",NA,NA
401864510,2026,4,"regular","2026-09-26T19:00:00.000Z",FALSE,FALSE,FALSE,TRUE,NA,3984,"War Memorial Stadium",2751,"Wyoming","fbs","Mountain West",NA,NA,1309,NA,62,"Hawai'i","fbs","Mountain West",NA,NA,1421,NA,NA,"",NA,NA
401866426,2026,4,"regular","2026-09-26T19:30:00.000Z",FALSE,FALSE,FALSE,FALSE,NA,3965,"UB Stadium",2084,"Buffalo","fbs","Mid-American",NA,NA,NA,NA,2523,"Robert Morris","fcs","NEC",NA,NA,NA,NA,NA,"",NA,NA
401864579,2026,4,"regular","2026-09-26T19:30:00.000Z",FALSE,FALSE,FALSE,FALSE,NA,3601,"Aggie Memorial Stadium",166,"New Mexico State","fbs","Conference USA",NA,NA,1259,NA,167,"New Mexico","fbs","Mountain West",NA,NA,1564,NA,NA,"",NA,NA
401868188,2026,4,"regular","2026-09-26T19:30:00.000Z",FALSE,FALSE,FALSE,FALSE,NA,3775,"Joan C. Edwards Stadium",276,"Marshall","fbs","Sun Belt",NA,NA,1375,NA,2241,"Gardner-Webb","fcs","OVC",NA,NA,NA,NA,NA,"",NA,NA
401858244,2026,4,"regular","2026-09-26T19:30:00.000Z",FALSE,FALSE,FALSE,FALSE,NA,3982,"Wallace Wade Stadium",150,"Duke","fbs","ACC",NA,NA,1605,NA,2729,"William & Mary","fcs","Patriot",NA,NA,NA,NA,NA,"",NA,NA
401866428,2026,4,"regular","2026-09-26T19:30:00.000Z",FALSE,FALSE,FALSE,FALSE,NA,3876,"Peden Stadium",195,"Ohio","fbs","Mid-American",NA,NA,1313,NA,284,"Stonehill","fcs","NEC",NA,NA,NA,NA,NA,"",NA,NA
401862781,2026,4,"regular","2026-09-26T20:00:00.000Z",FALSE,FALSE,FALSE,FALSE,NA,3699,"Dowdy-Ficklen Stadium",151,"East Carolina","fbs","American Athletic",NA,NA,1471,NA,2428,"North Carolina Central","fcs","MEAC",NA,NA,NA,NA,NA,"",NA,NA
401867909,2026,4,"regular","2026-09-26T22:00:00.000Z",FALSE,FALSE,FALSE,FALSE,NA,2031,"Pitbull Stadium",2229,"Florida International","fbs","Conference USA",NA,NA,1378,NA,2341,"Long Island University","fcs","NEC",NA,NA,NA,NA,NA,"",NA,NA
401860892,2026,4,"regular","2026-09-26T22:00:00.000Z",FALSE,FALSE,FALSE,FALSE,NA,3644,"Bobcat Stadium (TX)",326,"Texas State","fbs","Pac-12",NA,NA,1433,NA,2916,"Incarnate Word","fcs","Southland",NA,NA,NA,NA,NA,"",NA,NA
401858238,2026,4,"regular","2026-09-26T22:30:00.000Z",FALSE,FALSE,FALSE,FALSE,NA,3948,"Hard Rock Stadium",2390,"Miami","fbs","ACC",NA,NA,1930,NA,2117,"Central Michigan","fbs","Mid-American",NA,NA,1253,NA,NA,"",NA,NA
401869931,2026,4,"regular","2026-09-26T23:00:00.000Z",FALSE,FALSE,FALSE,FALSE,NA,3625,"Centennial Bank Stadium",2032,"Arkansas State","fbs","Sun Belt",NA,NA,1349,NA,338,"Kennesaw State","fbs","Conference USA",NA,NA,NA,NA,NA,"",NA,NA
401871048,2026,4,"regular","2026-09-26T23:00:00.000Z",FALSE,FALSE,FALSE,TRUE,NA,3662,"AmFirst Stadium",55,"Jacksonville State","fbs","Conference USA",NA,NA,1432,NA,2393,"Middle Tennessee","fbs","Conference USA",NA,NA,NA,NA,NA,"",NA,NA
401870745,2026,4,"regular","2026-09-26T23:00:00.000Z",FALSE,FALSE,FALSE,FALSE,NA,3796,"Houchens Industries-L.T. Smith Stadium",98,"Western Kentucky","fbs","Conference USA",NA,NA,1338,NA,2385,"Mercyhurst","fcs","NEC",NA,NA,NA,NA,NA,"",NA,NA
401856804,2026,4,"regular","2026-09-26T23:30:00.000Z",FALSE,FALSE,FALSE,FALSE,NA,3820,"Gesa Field",265,"Washington State","fbs","Pac-12",NA,NA,1599,NA,12,"Arizona","fbs","Big 12",NA,NA,NA,NA,NA,"",NA,NA
401862783,2026,4,"regular","2026-09-26T23:30:00.000Z",FALSE,FALSE,FALSE,FALSE,NA,3825,"DATCU Stadium",249,"North Texas","fbs","American Athletic",NA,NA,1571,NA,2277,"Houston Christian","fcs","Southland",NA,NA,NA,NA,NA,"",NA,NA
401860894,2026,4,"regular","2026-09-26T23:30:00.000Z",FALSE,FALSE,FALSE,FALSE,NA,3905,"Maverik Stadium",328,"Utah State","fbs","Pac-12",NA,NA,1376,NA,2653,"Troy","fbs","Sun Belt",NA,NA,1416,NA,NA,"",NA,NA
401856697,2026,4,"regular","2026-09-27T00:00:00.000Z",FALSE,FALSE,FALSE,FALSE,NA,3887,"Razorback Stadium",8,"Arkansas","fbs","SEC",NA,NA,NA,NA,202,"Tulsa","fbs","American Athletic",NA,NA,1265,NA,NA,"",NA,NA
401860895,2026,4,"regular","2026-09-27T01:00:00.000Z",FALSE,FALSE,FALSE,FALSE,NA,3946,"Sun Bowl",2638,"UTEP","fbs","Mountain West",NA,NA,1143,NA,204,"Oregon State","fbs","Pac-12",NA,NA,1253,NA,NA,"",NA,NA
401860891,2026,4,"regular","2026-09-27T02:00:00.000Z",FALSE,FALSE,FALSE,FALSE,NA,3660,"Valley Children's Stadium",278,"Fresno State","fbs","Pac-12",NA,NA,1442,NA,242,"Rice","fbs","American Athletic",NA,NA,NA,NA,NA,"",NA,NA
401858240,2026,4,"regular","2026-09-27T02:30:00.000Z",FALSE,FALSE,FALSE,TRUE,NA,3940,"Stanford Stadium",24,"Stanford","fbs","ACC",NA,NA,1408,NA,59,"Georgia Tech","fbs","ACC",NA,NA,1555,NA,NA,"",NA,NA
401871049,2026,5,"regular","2026-10-02T00:00:00.000Z",FALSE,FALSE,FALSE,TRUE,NA,3601,"Aggie Memorial Stadium",166,"New Mexico State","fbs","Conference USA",NA,NA,1259,NA,98,"Western Kentucky","fbs","Conference USA",NA,NA,1338,NA,NA,"",NA,NA
401862786,2026,5,"regular","2026-10-02T01:00:00.000Z",FALSE,FALSE,FALSE,TRUE,NA,3674,"Chapman Stadium",202,"Tulsa","fbs","American Athletic",NA,NA,1265,NA,249,"North Texas","fbs","American Athletic",NA,NA,1571,NA,NA,"",NA,NA
401871050,2026,5,"regular","2026-10-02T23:00:00.000Z",FALSE,FALSE,FALSE,TRUE,NA,3695,"Delaware Stadium",48,"Delaware","fbs","Conference USA",NA,NA,NA,NA,2335,"Liberty","fbs","Conference USA",NA,NA,1697,NA,NA,"",NA,NA
401858245,2026,5,"regular","2026-10-02T23:00:00.000Z",FALSE,FALSE,FALSE,TRUE,NA,3799,"Lane Stadium",259,"Virginia Tech","fbs","ACC",NA,NA,NA,NA,221,"Pittsburgh","fbs","ACC",NA,NA,1688,NA,NA,"",NA,NA
401858476,2026,5,"regular","2026-10-03T00:00:00.000Z",FALSE,FALSE,FALSE,TRUE,NA,11823,"Ryan Field",77,"Northwestern","fbs","Big Ten",NA,NA,NA,NA,213,"Penn State","fbs","Big Ten",NA,NA,1905,NA,NA,"",NA,NA
401856710,2026,5,"regular","2026-10-03T04:00:00.000Z",TRUE,FALSE,FALSE,TRUE,NA,3853,"Neyland Stadium",2633,"Tennessee","fbs","SEC",NA,NA,NA,NA,2,"Auburn","fbs","SEC",NA,NA,1610,NA,NA,"","FLEX: 3:30 - 4:30pm OR 6 - 8pm ET start",NA
401858253,2026,5,"regular","2026-10-03T04:00:00.000Z",TRUE,FALSE,FALSE,TRUE,NA,3697,"Doak Campbell Stadium",52,"Florida State","fbs","ACC",NA,NA,1559,NA,258,"Virginia","fbs","ACC",NA,NA,1652,NA,NA,"",NA,NA
401856711,2026,5,"regular","2026-10-03T04:00:00.000Z",TRUE,FALSE,FALSE,TRUE,NA,3795,"Kyle Field",245,"Texas A&M","fbs","SEC",NA,NA,1865,NA,8,"Arkansas","fbs","SEC",NA,NA,NA,NA,NA,"","FLEX: 3:30 - 4:30pm OR 6 - 8pm ET start",NA
401856705,2026,5,"regular","2026-10-03T04:00:00.000Z",TRUE,FALSE,FALSE,TRUE,NA,3917,"Sanford Stadium",61,"Georgia","fbs","SEC",NA,NA,NA,NA,238,"Vanderbilt","fbs","SEC",NA,NA,NA,NA,NA,"","EARLY: Noon - 1pm ET start",NA
401856708,2026,5,"regular","2026-10-03T04:00:00.000Z",TRUE,FALSE,FALSE,TRUE,NA,3838,"Memorial Stadium",142,"Missouri","fbs","SEC",NA,NA,NA,NA,57,"Florida","fbs","SEC",NA,NA,1669,NA,NA,"","FLEX: 3:30 - 4:30pm OR 6 - 8pm ET start",NA
401856807,2026,5,"regular","2026-10-03T04:00:00.000Z",TRUE,FALSE,FALSE,FALSE,NA,3833,"Memorial Stadium",2305,"Kansas","fbs","Big 12",NA,NA,NA,NA,2393,"Middle Tennessee","fbs","Conference USA",NA,NA,NA,NA,NA,"",NA,NA
401856817,2026,5,"regular","2026-10-03T04:00:00.000Z",TRUE,FALSE,FALSE,TRUE,NA,3947,"Mountain America Stadium",9,"Arizona State","fbs","Big 12",NA,NA,NA,NA,239,"Baylor","fbs","Big 12",NA,NA,1509,NA,NA,"",NA,NA
401856820,2026,5,"regular","2026-10-03T04:00:00.000Z",TRUE,FALSE,FALSE,TRUE,NA,3619,"Arizona Stadium",12,"Arizona","fbs","Big 12",NA,NA,NA,NA,2132,"Cincinnati","fbs","Big 12",NA,NA,1516,NA,NA,"",NA,NA
401856822,2026,5,"regular","2026-10-03T04:00:00.000Z",TRUE,FALSE,FALSE,TRUE,NA,3772,"Jack Trice Stadium",66,"Iowa State","fbs","Big 12",NA,NA,NA,NA,277,"West Virginia","fbs","Big 12",NA,NA,1365,NA,NA,"",NA,NA
401856709,2026,5,"regular","2026-10-03T04:00:00.000Z",TRUE,FALSE,FALSE,TRUE,NA,3994,"Williams-Brice Stadium",2579,"South Carolina","fbs","SEC",NA,NA,1763,NA,96,"Kentucky","fbs","SEC",NA,NA,NA,NA,NA,"","FLEX: 3:30 - 4:30pm OR 6 - 8pm ET start",NA
401856821,2026,5,"regular","2026-10-03T04:00:00.000Z",TRUE,FALSE,FALSE,TRUE,NA,3726,"Folsom Field",38,"Colorado","fbs","Big 12",NA,NA,1404,NA,2641,"Texas Tech","fbs","Big 12",NA,NA,NA,NA,NA,"",NA,NA
401856818,2026,5,"regular","2026-10-03T04:00:00.000Z",TRUE,FALSE,FALSE,TRUE,NA,3616,"Amon G. Carter Stadium",2628,"TCU","fbs","Big 12",NA,NA,1598,NA,252,"BYU","fbs","Big 12",NA,NA,NA,NA,NA,"",NA,NA
401856707,2026,5,"regular","2026-10-03T04:00:00.000Z",TRUE,FALSE,FALSE,TRUE,NA,3693,"Davis Wade Stadium",344,"Mississippi State","fbs","SEC",NA,NA,1597,NA,333,"Alabama","fbs","SEC",NA,NA,1829,NA,NA,"","EARLY: Noon - 1pm ET start",NA
401856819,2026,5,"regular","2026-10-03T04:00:00.000Z",TRUE,FALSE,FALSE,TRUE,NA,4728,"TDECU Stadium",248,"Houston","fbs","Big 12",NA,NA,1521,NA,2116,"UCF","fbs","Big 12",NA,NA,NA,NA,NA,"",NA,NA
401858246,2026,5,"regular","2026-10-03T04:00:00.000Z",TRUE,FALSE,FALSE,TRUE,NA,3735,"Gerald J. Ford Stadium",2567,"SMU","fbs","ACC",NA,NA,NA,NA,103,"Boston College","fbs","ACC",NA,NA,1370,NA,NA,"",NA,NA
401858249,2026,5,"regular","2026-10-03T04:00:00.000Z",TRUE,FALSE,FALSE,TRUE,NA,3836,"Memorial Stadium (Clemson, SC)",228,"Clemson","fbs","ACC",NA,NA,1550,NA,2390,"Miami","fbs","ACC",NA,NA,1930,NA,NA,"",NA,NA
401858474,2026,5,"regular","2026-10-03T04:00:00.000Z",TRUE,FALSE,FALSE,TRUE,NA,3953,"Huntington Bank Stadium",135,"Minnesota","fbs","Big Ten",NA,NA,NA,NA,130,"Michigan","fbs","Big Ten",NA,NA,1686,NA,NA,"",NA,NA
401858251,2026,5,"regular","2026-10-03T04:00:00.000Z",TRUE,FALSE,FALSE,TRUE,NA,3630,"Allegacy Federal Credit Union Stadium",154,"Wake Forest","fbs","ACC",NA,NA,1540,NA,24,"Stanford","fbs","ACC",NA,NA,1408,NA,NA,"",NA,NA
401858472,2026,5,"regular","2026-10-03T04:00:00.000Z",TRUE,FALSE,FALSE,TRUE,NA,3832,"Memorial Stadium (Champaign, IL)",356,"Illinois","fbs","Big Ten",NA,NA,1597,NA,2509,"Purdue","fbs","Big Ten",NA,NA,NA,NA,NA,"",NA,NA
401858473,2026,5,"regular","2026-10-03T04:00:00.000Z",TRUE,FALSE,FALSE,TRUE,NA,3793,"Kinnick Stadium",2294,"Iowa","fbs","Big Ten",NA,NA,1868,NA,194,"Ohio State","fbs","Big Ten",NA,NA,2022,NA,NA,"",NA,NA
401858475,2026,5,"regular","2026-10-03T04:00:00.000Z",TRUE,FALSE,FALSE,TRUE,NA,3834,"Memorial Stadium (Lincoln, NE)",158,"Nebraska","fbs","Big Ten",NA,NA,1597,NA,120,"Maryland","fbs","Big Ten",NA,NA,NA,NA,NA,"",NA,NA
401858479,2026,5,"regular","2026-10-03T04:00:00.000Z",TRUE,FALSE,FALSE,TRUE,NA,347,"Camp Randall Stadium",275,"Wisconsin","fbs","Big Ten",NA,NA,1455,NA,127,"Michigan State","fbs","Big Ten",NA,NA,1460,NA,NA,"",NA,NA
401862787,2026,5,"regular","2026-10-03T04:00:00.000Z",TRUE,FALSE,FALSE,TRUE,NA,4418,"Jerry Richardson Stadium",2429,"Charlotte","fbs","American Athletic",NA,NA,NA,NA,235,"Memphis","fbs","American Athletic",NA,NA,1570,NA,NA,"",NA,NA
401862788,2026,5,"regular","2026-10-03T04:00:00.000Z",TRUE,FALSE,FALSE,TRUE,NA,3895,"Rice Stadium",242,"Rice","fbs","American Athletic",NA,NA,NA,NA,2636,"UTSA","fbs","American Athletic",NA,NA,1522,NA,NA,"",NA,NA
401862792,2026,5,"regular","2026-10-03T04:00:00.000Z",TRUE,FALSE,FALSE,TRUE,NA,3886,"Raymond James Stadium",58,"South Florida","fbs","American Athletic",NA,NA,1686,NA,218,"Temple","fbs","American Athletic",NA,NA,NA,NA,NA,"",NA,NA
401864514,2026,5,"regular","2026-10-03T04:00:00.000Z",TRUE,FALSE,FALSE,TRUE,NA,3971,"University Stadium (NM)",167,"New Mexico","fbs","Mountain West",NA,NA,1564,NA,2638,"UTEP","fbs","Mountain West",NA,NA,1143,NA,NA,"",NA,NA
401866432,2026,5,"regular","2026-10-03T04:00:00.000Z",TRUE,FALSE,FALSE,TRUE,NA,3965,"UB Stadium",2084,"Buffalo","fbs","Mid-American",NA,NA,NA,NA,2711,"Western Michigan","fbs","Mid-American",NA,NA,1534,NA,NA,"",NA,NA
401866434,2026,5,"regular","2026-10-03T04:00:00.000Z",TRUE,FALSE,FALSE,TRUE,NA,3696,"Dix Stadium",2309,"Kent State","fbs","Mid-American",NA,NA,1035,NA,195,"Ohio","fbs","Mid-American",NA,NA,1313,NA,NA,"",NA,NA
401866433,2026,5,"regular","2026-10-03T04:00:00.000Z",TRUE,FALSE,FALSE,TRUE,NA,3985,"Warren McGuirk Alumni Stadium",113,"Massachusetts","fbs","Mid-American",NA,NA,1049,NA,2199,"Eastern Michigan","fbs","Mid-American",NA,NA,1338,NA,NA,"",NA,NA
401869842,2026,5,"regular","2026-10-03T04:00:00.000Z",TRUE,FALSE,FALSE,FALSE,NA,3776,"Joe Aillet Stadium",2348,"Louisiana Tech","fbs","Sun Belt",NA,NA,NA,NA,349,"Army","fbs","American Athletic",NA,NA,1527,NA,NA,"",NA,NA
401869932,2026,5,"regular","2026-10-03T04:00:00.000Z",TRUE,FALSE,FALSE,TRUE,NA,3666,"Cajun Field",309,"Louisiana","fbs","Sun Belt",NA,NA,NA,NA,2032,"Arkansas State","fbs","Sun Belt",NA,NA,1349,NA,NA,"",NA,NA
401869956,2026,5,"regular","2026-10-03T04:00:00.000Z",TRUE,FALSE,FALSE,TRUE,NA,4246,"Center Parc Stadium",2247,"Georgia State","fbs","Sun Belt",NA,NA,NA,NA,295,"Old Dominion","fbs","Sun Belt",NA,NA,1336,NA,NA,"",NA,NA
401869962,2026,5,"regular","2026-10-03T04:00:00.000Z",TRUE,FALSE,FALSE,TRUE,NA,3651,"Bridgeforth Stadium",256,"James Madison","fbs","Sun Belt",NA,NA,1776,NA,276,"Marshall","fbs","Sun Belt",NA,NA,1375,NA,NA,"",NA,NA
401871089,2026,5,"regular","2026-10-03T04:00:00.000Z",TRUE,FALSE,FALSE,TRUE,NA,6526,"Hancock Whitney Stadium",6,"South Alabama","fbs","Sun Belt",NA,NA,NA,NA,2433,"UL Monroe","fbs","Sun Belt",NA,NA,1058,NA,NA,"",NA,NA
401858248,2026,5,"regular","2026-10-03T04:00:00.000Z",TRUE,FALSE,FALSE,TRUE,NA,3670,"Carter-Finley Stadium",152,"NC State","fbs","ACC",NA,NA,1509,NA,97,"Louisville","fbs","ACC",NA,NA,NA,NA,NA,"",NA,NA
401858250,2026,5,"regular","2026-10-03T04:00:00.000Z",TRUE,FALSE,FALSE,FALSE,NA,3787,"Kenan Stadium",153,"North Carolina","fbs","ACC",NA,NA,1395,NA,87,"Notre Dame","fbs","FBS Independents",NA,NA,2041,NA,NA,"",NA,NA
401869942,2026,5,"regular","2026-10-03T04:00:00.000Z",TRUE,FALSE,FALSE,TRUE,NA,3654,"Brooks Stadium (SC)",324,"Coastal Carolina","fbs","Sun Belt",NA,NA,1270,NA,290,"Georgia Southern","fbs","Sun Belt",NA,NA,NA,NA,NA,"",NA,NA
401866430,2026,5,"regular","2026-10-03T04:00:00.000Z",TRUE,FALSE,FALSE,TRUE,NA,3786,"Kelly/Shorts Stadium",2117,"Central Michigan","fbs","Mid-American",NA,NA,1253,NA,2006,"Akron","fbs","Mid-American",NA,NA,905,NA,NA,"",NA,NA
401866431,2026,5,"regular","2026-10-03T04:00:00.000Z",TRUE,FALSE,FALSE,TRUE,NA,3919,"Scheumann Stadium",2050,"Ball State","fbs","Mid-American",NA,NA,1076,NA,2649,"Toledo","fbs","Mid-American",NA,NA,1576,NA,NA,"",NA,NA
401866477,2026,5,"regular","2026-10-03T04:00:00.000Z",TRUE,FALSE,FALSE,TRUE,NA,3996,"Yager Stadium",193,"Miami (OH)","fbs","Mid-American",NA,NA,1252,NA,189,"Bowling Green","fbs","Mid-American",NA,NA,NA,NA,NA,"",NA,NA
401858478,2026,5,"regular","2026-10-03T04:00:00.000Z",TRUE,FALSE,FALSE,TRUE,NA,477,"Los Angeles Memorial Coliseum",30,"USC","fbs","Big Ten",NA,NA,1763,NA,264,"Washington","fbs","Big Ten",NA,NA,1764,NA,NA,"",NA,NA
401858252,2026,5,"regular","2026-10-03T16:00:00.000Z",FALSE,FALSE,FALSE,FALSE,NA,3892,"Pratt & Whitney Stadium",41,"UConn","fbs","FBS Independents",NA,NA,NA,NA,183,"Syracuse","fbs","ACC",NA,NA,NA,NA,NA,"",NA,NA
401862791,2026,5,"regular","2026-10-03T16:00:00.000Z",FALSE,FALSE,FALSE,FALSE,NA,3713,"Falcon Stadium",2005,"Air Force","fbs","Mountain West",NA,NA,NA,NA,2426,"Navy","fbs","American Athletic",NA,NA,NA,NA,NA,"",NA,NA
401864515,2026,5,"regular","2026-10-03T19:30:00.000Z",FALSE,FALSE,FALSE,TRUE,NA,3714,"Fargodome",2449,"North Dakota State","fbs","Mountain West",NA,NA,1562,NA,2751,"Wyoming","fbs","Mountain West",NA,NA,1309,NA,NA,"",NA,NA
401858247,2026,5,"regular","2026-10-03T19:30:00.000Z",FALSE,FALSE,FALSE,FALSE,NA,6501,"Allegiant Stadium",2439,"UNLV","fbs","Mountain West",NA,NA,1599,NA,25,"California","fbs","ACC",NA,NA,1346,NA,NA,"",NA,NA
401862793,2026,5,"regular","2026-10-03T19:30:00.000Z",FALSE,FALSE,FALSE,FALSE,NA,7221,"Protective Stadium",5,"UAB","fbs","American Athletic",NA,NA,1409,NA,2535,"Samford","fcs","Southern",NA,NA,NA,NA,NA,"",NA,NA
401862790,2026,5,"regular","2026-10-03T22:00:00.000Z",FALSE,FALSE,FALSE,FALSE,NA,3715,"FAU Stadium",2226,"Florida Atlantic","fbs","American Athletic",NA,NA,1178,NA,2640,"Texas Southern","fcs","SWAC",NA,NA,NA,NA,NA,"",NA,NA
401860899,2026,5,"regular","2026-10-03T22:00:00.000Z",FALSE,FALSE,FALSE,TRUE,NA,5388,"Canvas Stadium",36,"Colorado State","fbs","Pac-12",NA,NA,1327,NA,204,"Oregon State","fbs","Pac-12",NA,NA,1253,NA,NA,"",NA,NA
401860898,2026,5,"regular","2026-10-03T23:30:00.000Z",FALSE,FALSE,FALSE,TRUE,NA,3653,"Albertsons Stadium",68,"Boise State","fbs","Pac-12",NA,NA,1565,NA,328,"Utah State","fbs","Pac-12",NA,NA,1376,NA,NA,"",NA,NA
401856706,2026,5,"regular","2026-10-03T23:45:00.000Z",FALSE,FALSE,FALSE,FALSE,NA,3958,"Tiger Stadium (LA)",99,"LSU","fbs","SEC",NA,NA,1736,NA,2377,"McNeese","fcs","Southland",NA,NA,NA,NA,NA,"",NA,NA
401858477,2026,5,"regular","2026-10-04T00:00:00.000Z",FALSE,FALSE,FALSE,TRUE,NA,6577,"SHI Stadium",164,"Rutgers","fbs","Big Ten",NA,NA,1408,NA,84,"Indiana","fbs","Big Ten",NA,NA,2132,NA,NA,"",NA,NA
401860921,2026,5,"regular","2026-10-04T01:30:00.000Z",FALSE,FALSE,FALSE,TRUE,NA,3820,"Gesa Field",265,"Washington State","fbs","Pac-12",NA,NA,1599,NA,278,"Fresno State","fbs","Pac-12",NA,NA,1442,NA,NA,"",NA,NA
401860900,2026,5,"regular","2026-10-04T02:30:00.000Z",FALSE,FALSE,FALSE,TRUE,NA,7311,"Snapdragon Stadium",21,"San Diego State","fbs","Pac-12",NA,NA,NA,NA,326,"Texas State","fbs","Pac-12",NA,NA,1433,NA,NA,"",NA,NA
401864513,2026,5,"regular","2026-10-04T03:59:00.000Z",FALSE,FALSE,FALSE,TRUE,NA,7220,"Clarence T.C. Ching Athletics Complex",62,"Hawai'i","fbs","Mountain West",NA,NA,1421,NA,23,"San José State","fbs","Mountain West",NA,NA,1407,NA,NA,"",NA,NA
401871090,2026,6,"regular","2026-10-07T00:00:00.000Z",FALSE,FALSE,FALSE,TRUE,NA,3975,"Veterans Memorial Stadium (AL)",2653,"Troy","fbs","Sun Belt",NA,NA,1416,NA,2572,"Southern Miss","fbs","Sun Belt",NA,NA,NA,NA,NA,"",NA,NA
401871051,2026,6,"regular","2026-10-07T23:00:00.000Z",FALSE,FALSE,FALSE,TRUE,NA,4899,"Fifth Third Stadium",338,"Kennesaw State","fbs","Conference USA",NA,NA,NA,NA,55,"Jacksonville State","fbs","Conference USA",NA,NA,1432,NA,NA,"",NA,NA
401871066,2026,6,"regular","2026-10-07T23:30:00.000Z",FALSE,FALSE,FALSE,TRUE,NA,2031,"Pitbull Stadium",2229,"Florida International","fbs","Conference USA",NA,NA,1378,NA,166,"New Mexico State","fbs","Conference USA",NA,NA,1259,NA,NA,"",NA,NA
401871052,2026,6,"regular","2026-10-08T23:00:00.000Z",FALSE,FALSE,FALSE,TRUE,NA,3796,"Houchens Industries-L.T. Smith Stadium",98,"Western Kentucky","fbs","Conference USA",NA,NA,1338,NA,2623,"Missouri State","fbs","Conference USA",NA,NA,1268,NA,NA,"",NA,NA
401870766,2026,6,"regular","2026-10-08T23:00:00.000Z",FALSE,FALSE,FALSE,TRUE,NA,3992,"Williams Stadium (VA)",2335,"Liberty","fbs","Conference USA",NA,NA,1697,NA,2534,"Sam Houston","fbs","Conference USA",NA,NA,1168,NA,NA,"",NA,NA
401862794,2026,6,"regular","2026-10-08T23:30:00.000Z",FALSE,FALSE,FALSE,TRUE,NA,3604,"Alamodome",2636,"UTSA","fbs","American Athletic",NA,NA,1522,NA,58,"South Florida","fbs","American Athletic",NA,NA,1686,NA,NA,"",NA,NA
401869933,2026,6,"regular","2026-10-08T23:30:00.000Z",FALSE,FALSE,FALSE,TRUE,NA,3625,"Centennial Bank Stadium",2032,"Arkansas State","fbs","Sun Belt",NA,NA,1349,NA,6,"South Alabama","fbs","Sun Belt",NA,NA,NA,NA,NA,"",NA,NA
401858254,2026,6,"regular","2026-10-09T23:00:00.000Z",FALSE,FALSE,FALSE,TRUE,NA,3873,"L&N Federal Credit Union Stadium",97,"Louisville","fbs","ACC",NA,NA,NA,NA,52,"Florida State","fbs","ACC",NA,NA,1559,NA,NA,"",NA,NA
401858487,2026,6,"regular","2026-10-10T01:00:00.000Z",FALSE,FALSE,FALSE,TRUE,NA,3765,"Husky Stadium",264,"Washington","fbs","Big Ten",NA,NA,1764,NA,2294,"Iowa","fbs","Big Ten",NA,NA,1868,NA,NA,"",NA,NA
401864519,2026,6,"regular","2026-10-10T01:00:00.000Z",FALSE,FALSE,FALSE,TRUE,NA,3935,"CEFCU Stadium",23,"San José State","fbs","Mountain West",NA,NA,1407,NA,2751,"Wyoming","fbs","Mountain West",NA,NA,1309,NA,NA,"",NA,NA
401860922,2026,6,"regular","2026-10-10T01:00:00.000Z",FALSE,FALSE,FALSE,TRUE,NA,3905,"Maverik Stadium",328,"Utah State","fbs","Pac-12",NA,NA,1376,NA,265,"Washington State","fbs","Pac-12",NA,NA,1599,NA,NA,"",NA,NA
401856826,2026,6,"regular","2026-10-10T02:15:00.000Z",FALSE,FALSE,FALSE,TRUE,NA,3801,"LaVell Edwards Stadium",252,"BYU","fbs","Big 12",NA,NA,NA,NA,66,"Iowa State","fbs","Big 12",NA,NA,NA,NA,NA,"",NA,NA
401862796,2026,6,"regular","2026-10-10T04:00:00.000Z",TRUE,FALSE,FALSE,TRUE,NA,3825,"DATCU Stadium",249,"North Texas","fbs","American Athletic",NA,NA,1571,NA,2429,"Charlotte","fbs","American Athletic",NA,NA,NA,NA,NA,"",NA,NA
401864517,2026,6,"regular","2026-10-10T04:00:00.000Z",TRUE,FALSE,FALSE,TRUE,NA,3946,"Sun Bowl",2638,"UTEP","fbs","Mountain West",NA,NA,1143,NA,2440,"Nevada","fbs","Mountain West",NA,NA,1451,NA,NA,"",NA,NA
401866436,2026,6,"regular","2026-10-10T04:00:00.000Z",TRUE,FALSE,FALSE,TRUE,NA,3700,"Doyt L. Perry Stadium",189,"Bowling Green","fbs","Mid-American",NA,NA,NA,NA,16,"Sacramento State","fbs","Mid-American",NA,NA,1476,NA,NA,"",NA,NA
401866438,2026,6,"regular","2026-10-10T04:00:00.000Z",TRUE,FALSE,FALSE,TRUE,NA,3876,"Peden Stadium",195,"Ohio","fbs","Mid-American",NA,NA,1313,NA,2117,"Central Michigan","fbs","Mid-American",NA,NA,1253,NA,NA,"",NA,NA
401866440,2026,6,"regular","2026-10-10T04:00:00.000Z",TRUE,FALSE,FALSE,TRUE,NA,3985,"Warren McGuirk Alumni Stadium",113,"Massachusetts","fbs","Mid-American",NA,NA,1049,NA,193,"Miami (OH)","fbs","Mid-American",NA,NA,1252,NA,NA,"",NA,NA
401866437,2026,6,"regular","2026-10-10T04:00:00.000Z",TRUE,FALSE,FALSE,TRUE,NA,3739,"Glass Bowl",2649,"Toledo","fbs","Mid-American",NA,NA,1576,NA,2084,"Buffalo","fbs","Mid-American",NA,NA,NA,NA,NA,"",NA,NA
401858260,2026,6,"regular","2026-10-10T04:00:00.000Z",TRUE,FALSE,FALSE,TRUE,NA,3670,"Carter-Finley Stadium",152,"NC State","fbs","ACC",NA,NA,1509,NA,154,"Wake Forest","fbs","ACC",NA,NA,1540,NA,NA,"",NA,NA
401869843,2026,6,"regular","2026-10-10T04:00:00.000Z",TRUE,FALSE,FALSE,TRUE,NA,3792,"Kidd Brewer Stadium",2026,"App State","fbs","Sun Belt",NA,NA,NA,NA,295,"Old Dominion","fbs","Sun Belt",NA,NA,1336,NA,NA,"",NA,NA
401862797,2026,6,"regular","2026-10-10T04:00:00.000Z",TRUE,FALSE,FALSE,TRUE,NA,3699,"Dowdy-Ficklen Stadium",151,"East Carolina","fbs","American Athletic",NA,NA,1471,NA,242,"Rice","fbs","American Athletic",NA,NA,NA,NA,NA,"",NA,NA
401858259,2026,6,"regular","2026-10-10T04:00:00.000Z",TRUE,FALSE,FALSE,TRUE,NA,3831,"California Memorial Stadium",25,"California","fbs","ACC",NA,NA,1346,NA,259,"Virginia Tech","fbs","ACC",NA,NA,NA,NA,NA,"",NA,NA
401856712,2026,6,"regular","2026-10-10T04:00:00.000Z",TRUE,FALSE,FALSE,TRUE,NA,3657,"Bryant-Denny Stadium",333,"Alabama","fbs","SEC",NA,NA,1829,NA,61,"Georgia","fbs","SEC",NA,NA,NA,NA,NA,"","NIGHT: 6 - 8pm ET start",NA
401869965,2026,6,"regular","2026-10-10T04:00:00.000Z",TRUE,FALSE,FALSE,TRUE,NA,3776,"Joe Aillet Stadium",2348,"Louisiana Tech","fbs","Sun Belt",NA,NA,NA,NA,309,"Louisiana","fbs","Sun Belt",NA,NA,NA,NA,NA,"",NA,NA
401858483,2026,6,"regular","2026-10-10T04:00:00.000Z",TRUE,FALSE,FALSE,TRUE,NA,3861,"Ohio Stadium",194,"Ohio State","fbs","Big Ten",NA,NA,2022,NA,120,"Maryland","fbs","Big Ten",NA,NA,NA,NA,NA,"",NA,NA
401858258,2026,6,"regular","2026-10-10T04:00:00.000Z",TRUE,FALSE,FALSE,TRUE,NA,3923,"Scott Stadium",258,"Virginia","fbs","ACC",NA,NA,1652,NA,183,"Syracuse","fbs","ACC",NA,NA,NA,NA,NA,"",NA,NA
401858481,2026,6,"regular","2026-10-10T04:00:00.000Z",TRUE,FALSE,FALSE,TRUE,NA,3834,"Memorial Stadium (Lincoln, NE)",158,"Nebraska","fbs","Big Ten",NA,NA,1597,NA,84,"Indiana","fbs","Big Ten",NA,NA,2132,NA,NA,"",NA,NA
401858480,2026,6,"regular","2026-10-10T04:00:00.000Z",TRUE,FALSE,FALSE,TRUE,NA,3936,"Spartan Stadium",127,"Michigan State","fbs","Big Ten",NA,NA,1460,NA,356,"Illinois","fbs","Big Ten",NA,NA,1597,NA,NA,"",NA,NA
401858484,2026,6,"regular","2026-10-10T04:00:00.000Z",TRUE,FALSE,FALSE,TRUE,NA,3626,"Autzen Stadium",2483,"Oregon","fbs","Big Ten",NA,NA,1877,NA,26,"UCLA","fbs","Big Ten",NA,NA,1441,NA,NA,"",NA,NA
401858486,2026,6,"regular","2026-10-10T04:00:00.000Z",TRUE,FALSE,FALSE,TRUE,NA,3907,"Ross-Ade Stadium",2509,"Purdue","fbs","Big Ten",NA,NA,NA,NA,135,"Minnesota","fbs","Big Ten",NA,NA,NA,NA,NA,"",NA,NA
401858485,2026,6,"regular","2026-10-10T04:00:00.000Z",TRUE,FALSE,FALSE,TRUE,NA,3632,"Beaver Stadium",213,"Penn State","fbs","Big Ten",NA,NA,1905,NA,30,"USC","fbs","Big Ten",NA,NA,1763,NA,NA,"",NA,NA
401861964,2026,6,"regular","2026-10-10T04:00:00.000Z",TRUE,FALSE,FALSE,FALSE,NA,3806,"Lincoln Financial Field",218,"Temple","fbs","American Athletic",NA,NA,NA,NA,41,"UConn","fbs","FBS Independents",NA,NA,NA,NA,NA,"",NA,NA
401862798,2026,6,"regular","2026-10-10T04:00:00.000Z",TRUE,FALSE,FALSE,TRUE,NA,3805,"Simmons Bank Liberty Stadium",235,"Memphis","fbs","American Athletic",NA,NA,1570,NA,5,"UAB","fbs","American Athletic",NA,NA,1409,NA,NA,"",NA,NA
401856713,2026,6,"regular","2026-10-10T04:00:00.000Z",TRUE,FALSE,FALSE,TRUE,NA,3887,"Razorback Stadium",8,"Arkansas","fbs","SEC",NA,NA,NA,NA,2633,"Tennessee","fbs","SEC",NA,NA,NA,NA,NA,"","FLEX: 3:30 - 4:30pm OR 6 - 8pm ET start",NA
401856715,2026,6,"regular","2026-10-10T04:00:00.000Z",TRUE,FALSE,FALSE,TRUE,NA,3683,"Kroger Field",96,"Kentucky","fbs","SEC",NA,NA,NA,NA,99,"LSU","fbs","SEC",NA,NA,1736,NA,NA,"","NIGHT: 6 - 8pm ET start",NA
401856714,2026,6,"regular","2026-10-10T04:00:00.000Z",TRUE,FALSE,FALSE,TRUE,NA,3634,"Ben Hill Griffin Stadium",57,"Florida","fbs","SEC",NA,NA,1669,NA,2579,"South Carolina","fbs","SEC",NA,NA,1763,NA,NA,"","EARLY: Noon - 1pm ET start",NA
401856716,2026,6,"regular","2026-10-10T04:00:00.000Z",TRUE,FALSE,FALSE,TRUE,NA,3838,"Memorial Stadium",142,"Missouri","fbs","SEC",NA,NA,NA,NA,245,"Texas A&M","fbs","SEC",NA,NA,1865,NA,NA,"","EARLY: Noon - 1pm ET start",NA
401856718,2026,6,"regular","2026-10-10T04:00:00.000Z",TRUE,FALSE,FALSE,TRUE,NA,3973,"FirstBank Stadium",238,"Vanderbilt","fbs","SEC",NA,NA,NA,NA,145,"Ole Miss","fbs","SEC",NA,NA,NA,NA,NA,"","FLEX: 3:30 - 4:30pm OR 6 - 8pm ET start",NA
401856808,2026,6,"regular","2026-10-10T04:00:00.000Z",TRUE,FALSE,FALSE,FALSE,NA,3947,"Mountain America Stadium",9,"Arizona State","fbs","Big 12",NA,NA,NA,NA,62,"Hawai'i","fbs","Mountain West",NA,NA,1421,NA,NA,"",NA,NA
401856823,2026,6,"regular","2026-10-10T04:00:00.000Z",TRUE,FALSE,FALSE,TRUE,NA,3842,"Milan Puskar Stadium",277,"West Virginia","fbs","Big 12",NA,NA,1365,NA,12,"Arizona","fbs","Big 12",NA,NA,NA,NA,NA,"",NA,NA
401856825,2026,6,"regular","2026-10-10T04:00:00.000Z",TRUE,FALSE,FALSE,TRUE,NA,3636,"Bill Snyder Family Stadium",2306,"Kansas State","fbs","Big 12",NA,NA,NA,NA,248,"Houston","fbs","Big 12",NA,NA,1521,NA,NA,"",NA,NA
401856824,2026,6,"regular","2026-10-10T04:00:00.000Z",TRUE,FALSE,FALSE,TRUE,NA,3646,"Boone Pickens Stadium",197,"Oklahoma State","fbs","Big 12",NA,NA,1215,NA,2116,"UCF","fbs","Big 12",NA,NA,NA,NA,NA,"",NA,NA
401856827,2026,6,"regular","2026-10-10T04:00:00.000Z",TRUE,FALSE,FALSE,TRUE,NA,587,"Rice-Eccles Stadium",254,"Utah","fbs","Big 12",NA,NA,NA,NA,2305,"Kansas","fbs","Big 12",NA,NA,NA,NA,NA,"",NA,NA
401858256,2026,6,"regular","2026-10-10T04:00:00.000Z",TRUE,FALSE,FALSE,TRUE,NA,3752,"Acrisure Stadium",221,"Pittsburgh","fbs","ACC",NA,NA,1688,NA,153,"North Carolina","fbs","ACC",NA,NA,1395,NA,NA,"",NA,NA
401858255,2026,6,"regular","2026-10-10T04:00:00.000Z",TRUE,FALSE,FALSE,TRUE,NA,721,"Bobby Dodd Stadium",59,"Georgia Tech","fbs","ACC",NA,NA,1555,NA,150,"Duke","fbs","ACC",NA,NA,1605,NA,NA,"",NA,NA
401858482,2026,6,"regular","2026-10-10T04:00:00.000Z",TRUE,FALSE,FALSE,FALSE,NA,11823,"Ryan Field",77,"Northwestern","fbs","Big Ten",NA,NA,NA,NA,2050,"Ball State","fbs","Mid-American",NA,NA,1076,NA,NA,"",NA,NA
401869949,2026,6,"regular","2026-10-10T04:00:00.000Z",TRUE,FALSE,FALSE,TRUE,NA,3608,"Allen E. Paulson Stadium",290,"Georgia Southern","fbs","Sun Belt",NA,NA,NA,NA,256,"James Madison","fbs","Sun Belt",NA,NA,1776,NA,NA,"",NA,NA
401869943,2026,6,"regular","2026-10-10T04:00:00.000Z",TRUE,FALSE,FALSE,TRUE,NA,3775,"Joan C. Edwards Stadium",276,"Marshall","fbs","Sun Belt",NA,NA,1375,NA,324,"Coastal Carolina","fbs","Sun Belt",NA,NA,1270,NA,NA,"",NA,NA
401866439,2026,6,"regular","2026-10-10T04:00:00.000Z",TRUE,FALSE,FALSE,TRUE,NA,3980,"Waldo Stadium",2711,"Western Michigan","fbs","Mid-American",NA,NA,1534,NA,2309,"Kent State","fbs","Mid-American",NA,NA,1035,NA,NA,"",NA,NA
401862795,2026,6,"regular","2026-10-10T16:00:00.000Z",FALSE,FALSE,FALSE,TRUE,NA,3841,"Michie Stadium",349,"Army","fbs","American Athletic",NA,NA,1527,NA,2655,"Tulane","fbs","American Athletic",NA,NA,1531,NA,NA,"",NA,NA
401862799,2026,6,"regular","2026-10-10T19:30:00.000Z",FALSE,FALSE,FALSE,TRUE,NA,3852,"Navy-Marine Corps Memorial Stadium",2426,"Navy","fbs","American Athletic",NA,NA,NA,NA,202,"Tulsa","fbs","American Athletic",NA,NA,1265,NA,NA,"",NA,NA
401858257,2026,6,"regular","2026-10-10T19:30:00.000Z",FALSE,FALSE,FALSE,FALSE,NA,3855,"Notre Dame Stadium",87,"Notre Dame","fbs","FBS Independents",NA,NA,2041,NA,24,"Stanford","fbs","ACC",NA,NA,1408,NA,NA,"",NA,NA
401856717,2026,6,"regular","2026-10-10T19:30:00.000Z",FALSE,FALSE,TRUE,TRUE,NA,499,"Cotton Bowl",201,"Oklahoma","fbs","SEC",NA,NA,1819,NA,251,"Texas","fbs","SEC",NA,NA,1921,NA,NA,"",NA,NA
401866435,2026,6,"regular","2026-10-10T19:30:00.000Z",FALSE,FALSE,FALSE,TRUE,NA,3768,"InfoCision Stadium",2006,"Akron","fbs","Mid-American",NA,NA,905,NA,2199,"Eastern Michigan","fbs","Mid-American",NA,NA,1338,NA,NA,"",NA,NA
401860902,2026,6,"regular","2026-10-10T22:00:00.000Z",FALSE,FALSE,FALSE,TRUE,NA,3893,"Reser Stadium",204,"Oregon State","fbs","Pac-12",NA,NA,1253,NA,21,"San Diego State","fbs","Pac-12",NA,NA,NA,NA,NA,"",NA,NA
401864518,2026,6,"regular","2026-10-10T23:00:00.000Z",FALSE,FALSE,FALSE,TRUE,NA,6501,"Allegiant Stadium",2439,"UNLV","fbs","Mountain West",NA,NA,1599,NA,2449,"North Dakota State","fbs","Mountain West",NA,NA,1562,NA,NA,"",NA,NA
401864516,2026,6,"regular","2026-10-10T23:30:00.000Z",FALSE,FALSE,FALSE,TRUE,NA,3764,"Huskie Stadium",2459,"Northern Illinois","fbs","Mountain West",NA,NA,1245,NA,2005,"Air Force","fbs","Mountain West",NA,NA,NA,NA,NA,"",NA,NA
401860901,2026,6,"regular","2026-10-11T02:30:00.000Z",FALSE,FALSE,FALSE,TRUE,NA,3660,"Valley Children's Stadium",278,"Fresno State","fbs","Pac-12",NA,NA,1442,NA,68,"Boise State","fbs","Pac-12",NA,NA,1565,NA,NA,"",NA,NA
401871067,2026,7,"regular","2026-10-13T23:00:00.000Z",FALSE,FALSE,FALSE,TRUE,NA,3725,"Johnny ""Red"" Floyd Stadium",2393,"Middle Tennessee","fbs","Conference USA",NA,NA,NA,NA,48,"Delaware","fbs","Conference USA",NA,NA,NA,NA,NA,"",NA,NA
401871053,2026,7,"regular","2026-10-14T00:00:00.000Z",FALSE,FALSE,FALSE,TRUE,NA,3662,"AmFirst Stadium",55,"Jacksonville State","fbs","Conference USA",NA,NA,1432,NA,2229,"Florida International","fbs","Conference USA",NA,NA,1378,NA,NA,"",NA,NA
401871054,2026,7,"regular","2026-10-14T23:30:00.000Z",FALSE,FALSE,FALSE,TRUE,NA,3878,"Plaster Sports Complex",2623,"Missouri State","fbs","Conference USA",NA,NA,1268,NA,338,"Kennesaw State","fbs","Conference USA",NA,NA,NA,NA,NA,"",NA,NA
401871068,2026,7,"regular","2026-10-15T00:00:00.000Z",FALSE,FALSE,FALSE,TRUE,NA,3647,"Elliott T. Bowers Stadium",2534,"Sam Houston","fbs","Conference USA",NA,NA,1168,NA,98,"Western Kentucky","fbs","Conference USA",NA,NA,1338,NA,NA,"",NA,NA
401869950,2026,7,"regular","2026-10-15T23:30:00.000Z",FALSE,FALSE,FALSE,TRUE,NA,3918,"S.B. Ballard Stadium",295,"Old Dominion","fbs","Sun Belt",NA,NA,1336,NA,290,"Georgia Southern","fbs","Sun Belt",NA,NA,NA,NA,NA,"",NA,NA
401862800,2026,7,"regular","2026-10-15T23:30:00.000Z",FALSE,FALSE,FALSE,TRUE,NA,7221,"Protective Stadium",5,"UAB","fbs","American Athletic",NA,NA,1409,NA,151,"East Carolina","fbs","American Athletic",NA,NA,1471,NA,NA,"",NA,NA
401860923,2026,7,"regular","2026-10-16T00:00:00.000Z",FALSE,FALSE,FALSE,TRUE,NA,3644,"Bobcat Stadium (TX)",326,"Texas State","fbs","Pac-12",NA,NA,1433,NA,36,"Colorado State","fbs","Pac-12",NA,NA,1327,NA,NA,"",NA,NA
401862801,2026,7,"regular","2026-10-16T23:30:00.000Z",FALSE,FALSE,FALSE,TRUE,NA,4729,"Yulman Stadium",2655,"Tulane","fbs","American Athletic",NA,NA,1531,NA,235,"Memphis","fbs","American Athletic",NA,NA,1570,NA,NA,"",NA,NA
401858493,2026,7,"regular","2026-10-17T00:00:00.000Z",FALSE,FALSE,FALSE,TRUE,NA,3907,"Ross-Ade Stadium",2509,"Purdue","fbs","Big Ten",NA,NA,NA,NA,264,"Washington","fbs","Big Ten",NA,NA,1764,NA,NA,"",NA,NA
401869844,2026,7,"regular","2026-10-17T00:00:00.000Z",FALSE,FALSE,FALSE,TRUE,NA,3654,"Brooks Stadium (SC)",324,"Coastal Carolina","fbs","Sun Belt",NA,NA,1270,NA,2026,"App State","fbs","Sun Belt",NA,NA,NA,NA,NA,"",NA,NA
401862804,2026,7,"regular","2026-10-17T04:00:00.000Z",TRUE,FALSE,FALSE,TRUE,NA,3604,"Alamodome",2636,"UTSA","fbs","American Athletic",NA,NA,1522,NA,2426,"Navy","fbs","American Athletic",NA,NA,NA,NA,NA,"",NA,NA
401862805,2026,7,"regular","2026-10-17T04:00:00.000Z",TRUE,FALSE,FALSE,TRUE,NA,3895,"Rice Stadium",242,"Rice","fbs","American Athletic",NA,NA,NA,NA,202,"Tulsa","fbs","American Athletic",NA,NA,1265,NA,NA,"",NA,NA
401862803,2026,7,"regular","2026-10-17T04:00:00.000Z",TRUE,FALSE,FALSE,TRUE,NA,3806,"Lincoln Financial Field",218,"Temple","fbs","American Athletic",NA,NA,NA,NA,2429,"Charlotte","fbs","American Athletic",NA,NA,NA,NA,NA,"",NA,NA
401858494,2026,7,"regular","2026-10-17T04:00:00.000Z",TRUE,FALSE,FALSE,TRUE,NA,1056,"Rose Bowl",26,"UCLA","fbs","Big Ten",NA,NA,1441,NA,275,"Wisconsin","fbs","Big Ten",NA,NA,1455,NA,NA,"",NA,NA
401858492,2026,7,"regular","2026-10-17T04:00:00.000Z",TRUE,FALSE,FALSE,TRUE,NA,3626,"Autzen Stadium",2483,"Oregon","fbs","Big Ten",NA,NA,1877,NA,158,"Nebraska","fbs","Big Ten",NA,NA,1597,NA,NA,"",NA,NA
401858488,2026,7,"regular","2026-10-17T04:00:00.000Z",TRUE,FALSE,FALSE,TRUE,NA,3830,"Memorial Stadium (Bloomington, IN)",84,"Indiana","fbs","Big Ten",NA,NA,2132,NA,194,"Ohio State","fbs","Big Ten",NA,NA,2022,NA,NA,"",NA,NA
401858266,2026,7,"regular","2026-10-17T04:00:00.000Z",TRUE,FALSE,FALSE,TRUE,NA,3982,"Wallace Wade Stadium",150,"Duke","fbs","ACC",NA,NA,1605,NA,153,"North Carolina","fbs","ACC",NA,NA,1395,NA,NA,"",NA,NA
401871091,2026,7,"regular","2026-10-17T04:00:00.000Z",TRUE,FALSE,FALSE,TRUE,NA,3817,"Malone Stadium",2433,"UL Monroe","fbs","Sun Belt",NA,NA,1058,NA,2348,"Louisiana Tech","fbs","Sun Belt",NA,NA,NA,NA,NA,"",NA,NA
401869966,2026,7,"regular","2026-10-17T04:00:00.000Z",TRUE,FALSE,FALSE,TRUE,NA,3666,"Cajun Field",309,"Louisiana","fbs","Sun Belt",NA,NA,NA,NA,2653,"Troy","fbs","Sun Belt",NA,NA,1416,NA,NA,"",NA,NA
401869934,2026,7,"regular","2026-10-17T04:00:00.000Z",TRUE,FALSE,FALSE,TRUE,NA,3815,"M. M. Roberts Stadium",2572,"Southern Miss","fbs","Sun Belt",NA,NA,NA,NA,2032,"Arkansas State","fbs","Sun Belt",NA,NA,1349,NA,NA,"",NA,NA
401856722,2026,7,"regular","2026-10-17T04:00:00.000Z",TRUE,FALSE,FALSE,TRUE,NA,3835,"Memorial Stadium (Norman, OK)",201,"Oklahoma","fbs","SEC",NA,NA,1819,NA,96,"Kentucky","fbs","SEC",NA,NA,NA,NA,NA,"","FLEX: 3:30 - 4:30pm OR 6 - 8pm ET start",NA
401869957,2026,7,"regular","2026-10-17T04:00:00.000Z",TRUE,FALSE,FALSE,TRUE,NA,3651,"Bridgeforth Stadium",256,"James Madison","fbs","Sun Belt",NA,NA,1776,NA,2247,"Georgia State","fbs","Sun Belt",NA,NA,NA,NA,NA,"",NA,NA
401856829,2026,7,"regular","2026-10-17T04:00:00.000Z",TRUE,FALSE,FALSE,TRUE,NA,3842,"Milan Puskar Stadium",277,"West Virginia","fbs","Big 12",NA,NA,1365,NA,2132,"Cincinnati","fbs","Big 12",NA,NA,1516,NA,NA,"",NA,NA
401866443,2026,7,"regular","2026-10-17T04:00:00.000Z",TRUE,FALSE,FALSE,TRUE,NA,3786,"Kelly/Shorts Stadium",2117,"Central Michigan","fbs","Mid-American",NA,NA,1253,NA,2711,"Western Michigan","fbs","Mid-American",NA,NA,1534,NA,NA,"",NA,NA
401856719,2026,7,"regular","2026-10-17T04:00:00.000Z",TRUE,FALSE,FALSE,TRUE,NA,3917,"Sanford Stadium",61,"Georgia","fbs","SEC",NA,NA,NA,NA,2,"Auburn","fbs","SEC",NA,NA,1610,NA,NA,"","AFTERNOON: 3:30 - 4:30pm ET start",NA
401856720,2026,7,"regular","2026-10-17T04:00:00.000Z",TRUE,FALSE,FALSE,TRUE,NA,3958,"Tiger Stadium (LA)",99,"LSU","fbs","SEC",NA,NA,1736,NA,344,"Mississippi State","fbs","SEC",NA,NA,1597,NA,NA,"","EARLY: Noon - 1pm ET start",NA
401856721,2026,7,"regular","2026-10-17T04:00:00.000Z",TRUE,FALSE,FALSE,TRUE,NA,3974,"Vaught-Hemingway Stadium",145,"Ole Miss","fbs","SEC",NA,NA,NA,NA,142,"Missouri","fbs","SEC",NA,NA,NA,NA,NA,"","AFTERNOON: 3:30 - 4:30pm ET start",NA
401856723,2026,7,"regular","2026-10-17T04:00:00.000Z",TRUE,FALSE,FALSE,TRUE,NA,3853,"Neyland Stadium",2633,"Tennessee","fbs","SEC",NA,NA,NA,NA,333,"Alabama","fbs","SEC",NA,NA,1829,NA,NA,"","FLEX: 3:30 - 4:30pm OR 6 - 8pm ET start",NA
401862806,2026,7,"regular","2026-10-17T04:00:00.000Z",TRUE,FALSE,FALSE,FALSE,NA,3886,"Raymond James Stadium",58,"South Florida","fbs","American Athletic",NA,NA,1686,NA,2309,"Kent State","fbs","Mid-American",NA,NA,1035,NA,NA,"",NA,NA
401856833,2026,7,"regular","2026-10-17T04:00:00.000Z",TRUE,FALSE,FALSE,TRUE,NA,3726,"Folsom Field",38,"Colorado","fbs","Big 12",NA,NA,1404,NA,254,"Utah","fbs","Big 12",NA,NA,NA,NA,NA,"",NA,NA
401858267,2026,7,"regular","2026-10-17T04:00:00.000Z",TRUE,FALSE,FALSE,TRUE,NA,3615,"Alumni Stadium (Chestnut Hill, MA)",103,"Boston College","fbs","ACC",NA,NA,1370,NA,221,"Pittsburgh","fbs","ACC",NA,NA,1688,NA,NA,"",NA,NA
401858263,2026,7,"regular","2026-10-17T04:00:00.000Z",TRUE,FALSE,FALSE,TRUE,NA,3948,"Hard Rock Stadium",2390,"Miami","fbs","ACC",NA,NA,1930,NA,52,"Florida State","fbs","ACC",NA,NA,1559,NA,NA,"",NA,NA
401866442,2026,7,"regular","2026-10-17T04:00:00.000Z",TRUE,FALSE,FALSE,TRUE,NA,3965,"UB Stadium",2084,"Buffalo","fbs","Mid-American",NA,NA,NA,NA,113,"Massachusetts","fbs","Mid-American",NA,NA,1049,NA,NA,"",NA,NA
401866445,2026,7,"regular","2026-10-17T04:00:00.000Z",TRUE,FALSE,FALSE,TRUE,NA,3757,"Hornet Stadium",16,"Sacramento State","fbs","Mid-American",NA,NA,1476,NA,195,"Ohio","fbs","Mid-American",NA,NA,1313,NA,NA,"",NA,NA
401866444,2026,7,"regular","2026-10-17T04:00:00.000Z",TRUE,FALSE,FALSE,TRUE,NA,3912,"Rynearson Stadium",2199,"Eastern Michigan","fbs","Mid-American",NA,NA,1338,NA,2649,"Toledo","fbs","Mid-American",NA,NA,1576,NA,NA,"",NA,NA
401864521,2026,7,"regular","2026-10-17T04:00:00.000Z",TRUE,FALSE,FALSE,TRUE,NA,7220,"Clarence T.C. Ching Athletics Complex",62,"Hawai'i","fbs","Mountain West",NA,NA,1421,NA,167,"New Mexico","fbs","Mountain West",NA,NA,1564,NA,NA,"",NA,NA
401866441,2026,7,"regular","2026-10-17T04:00:00.000Z",TRUE,FALSE,FALSE,TRUE,NA,3700,"Doyt L. Perry Stadium",189,"Bowling Green","fbs","Mid-American",NA,NA,NA,NA,2050,"Ball State","fbs","Mid-American",NA,NA,1076,NA,NA,"",NA,NA
401856724,2026,7,"regular","2026-10-17T04:00:00.000Z",TRUE,FALSE,FALSE,TRUE,NA,3910,"DKR-Texas Memorial Stadium",251,"Texas","fbs","SEC",NA,NA,1921,NA,57,"Florida","fbs","SEC",NA,NA,1669,NA,NA,"","EARLY: Noon - 1pm ET start",NA
401856726,2026,7,"regular","2026-10-17T04:00:00.000Z",TRUE,FALSE,FALSE,TRUE,NA,3973,"FirstBank Stadium",238,"Vanderbilt","fbs","SEC",NA,NA,NA,NA,8,"Arkansas","fbs","SEC",NA,NA,NA,NA,NA,"","FLEX: 3:30 - 4:30pm OR 6 - 8pm ET start",NA
401856809,2026,7,"regular","2026-10-17T04:00:00.000Z",TRUE,FALSE,FALSE,FALSE,NA,3801,"LaVell Edwards Stadium",252,"BYU","fbs","Big 12",NA,NA,NA,NA,87,"Notre Dame","fbs","FBS Independents",NA,NA,2041,NA,NA,"",NA,NA
401856828,2026,7,"regular","2026-10-17T04:00:00.000Z",TRUE,FALSE,FALSE,TRUE,NA,3784,"Jones AT&T Stadium",2641,"Texas Tech","fbs","Big 12",NA,NA,NA,NA,9,"Arizona State","fbs","Big 12",NA,NA,NA,NA,NA,"",NA,NA
401856830,2026,7,"regular","2026-10-17T04:00:00.000Z",TRUE,FALSE,FALSE,TRUE,NA,3636,"Bill Snyder Family Stadium",2306,"Kansas State","fbs","Big 12",NA,NA,NA,NA,2305,"Kansas","fbs","Big 12",NA,NA,NA,NA,NA,"",NA,NA
401858264,2026,7,"regular","2026-10-17T04:00:00.000Z",TRUE,FALSE,FALSE,TRUE,NA,3799,"Lane Stadium",259,"Virginia Tech","fbs","ACC",NA,NA,NA,NA,59,"Georgia Tech","fbs","ACC",NA,NA,1555,NA,NA,"",NA,NA
401858265,2026,7,"regular","2026-10-17T04:00:00.000Z",TRUE,FALSE,FALSE,TRUE,NA,1964,"JMA Wireless Dome",183,"Syracuse","fbs","ACC",NA,NA,NA,NA,97,"Louisville","fbs","ACC",NA,NA,NA,NA,NA,"",NA,NA
401858268,2026,7,"regular","2026-10-17T04:00:00.000Z",TRUE,FALSE,FALSE,TRUE,NA,3735,"Gerald J. Ford Stadium",2567,"SMU","fbs","ACC",NA,NA,NA,NA,258,"Virginia","fbs","ACC",NA,NA,1652,NA,NA,"",NA,NA
401858489,2026,7,"regular","2026-10-17T04:00:00.000Z",TRUE,FALSE,FALSE,TRUE,NA,3665,"SECU Stadium",120,"Maryland","fbs","Big Ten",NA,NA,NA,NA,164,"Rutgers","fbs","Big Ten",NA,NA,1408,NA,NA,"",NA,NA
401858261,2026,7,"regular","2026-10-17T04:00:00.000Z",TRUE,FALSE,FALSE,FALSE,NA,3836,"Memorial Stadium (Clemson, SC)",228,"Clemson","fbs","ACC",NA,NA,1550,NA,2127,"Charleston Southern","fcs","OVC",NA,NA,NA,NA,NA,"",NA,NA
401858490,2026,7,"regular","2026-10-17T04:00:00.000Z",TRUE,FALSE,FALSE,TRUE,NA,3558,"Michigan Stadium",130,"Michigan","fbs","Big Ten",NA,NA,1686,NA,213,"Penn State","fbs","Big Ten",NA,NA,1905,NA,NA,"",NA,NA
401858491,2026,7,"regular","2026-10-17T04:00:00.000Z",TRUE,FALSE,FALSE,TRUE,NA,3936,"Spartan Stadium",127,"Michigan State","fbs","Big Ten",NA,NA,1460,NA,77,"Northwestern","fbs","Big Ten",NA,NA,NA,NA,NA,"",NA,NA
401856831,2026,7,"regular","2026-10-17T04:00:00.000Z",TRUE,FALSE,FALSE,TRUE,NA,4728,"TDECU Stadium",248,"Houston","fbs","Big 12",NA,NA,1521,NA,197,"Oklahoma State","fbs","Big 12",NA,NA,1215,NA,NA,"",NA,NA
401856832,2026,7,"regular","2026-10-17T04:00:00.000Z",TRUE,FALSE,FALSE,TRUE,NA,4727,"McLane Stadium",239,"Baylor","fbs","Big 12",NA,NA,1509,NA,2628,"TCU","fbs","Big 12",NA,NA,1598,NA,NA,"",NA,NA
401858269,2026,7,"regular","2026-10-17T04:00:00.000Z",TRUE,FALSE,FALSE,TRUE,NA,3831,"California Memorial Stadium",25,"California","fbs","ACC",NA,NA,1346,NA,154,"Wake Forest","fbs","ACC",NA,NA,1540,NA,NA,"",NA,NA
401866478,2026,7,"regular","2026-10-17T04:00:00.000Z",TRUE,FALSE,FALSE,TRUE,NA,3996,"Yager Stadium",193,"Miami (OH)","fbs","Mid-American",NA,NA,1252,NA,2006,"Akron","fbs","Mid-American",NA,NA,905,NA,NA,"",NA,NA
401862802,2026,7,"regular","2026-10-17T16:00:00.000Z",FALSE,FALSE,FALSE,TRUE,NA,3841,"Michie Stadium",349,"Army","fbs","American Athletic",NA,NA,1527,NA,2226,"Florida Atlantic","fbs","American Athletic",NA,NA,1178,NA,NA,"",NA,NA
401856725,2026,7,"regular","2026-10-17T17:00:00.000Z",FALSE,FALSE,FALSE,FALSE,NA,3795,"Kyle Field",245,"Texas A&M","fbs","SEC",NA,NA,1865,NA,2643,"The Citadel","fcs","Southern",NA,NA,NA,NA,NA,"",NA,NA
401864524,2026,7,"regular","2026-10-17T19:30:00.000Z",FALSE,FALSE,FALSE,TRUE,NA,3713,"Falcon Stadium",2005,"Air Force","fbs","Mountain West",NA,NA,NA,NA,2439,"UNLV","fbs","Mountain West",NA,NA,1599,NA,NA,"",NA,NA
401864522,2026,7,"regular","2026-10-17T19:30:00.000Z",FALSE,FALSE,FALSE,TRUE,NA,3984,"War Memorial Stadium",2751,"Wyoming","fbs","Mountain West",NA,NA,1309,NA,2459,"Northern Illinois","fbs","Mountain West",NA,NA,1245,NA,NA,"",NA,NA
401860903,2026,7,"regular","2026-10-17T22:00:00.000Z",FALSE,FALSE,FALSE,TRUE,NA,3893,"Reser Stadium",204,"Oregon State","fbs","Pac-12",NA,NA,1253,NA,265,"Washington State","fbs","Pac-12",NA,NA,1599,NA,NA,"",NA,NA
401864520,2026,7,"regular","2026-10-17T23:00:00.000Z",FALSE,FALSE,FALSE,TRUE,NA,3714,"Fargodome",2449,"North Dakota State","fbs","Mountain West",NA,NA,1562,NA,2440,"Nevada","fbs","Mountain West",NA,NA,1451,NA,NA,"",NA,NA
401858262,2026,7,"regular","2026-10-17T23:30:00.000Z",FALSE,FALSE,FALSE,FALSE,NA,3940,"Stanford Stadium",24,"Stanford","fbs","ACC",NA,NA,1408,NA,2210,"Elon","fcs","Coastal Athletic",NA,NA,NA,NA,NA,"",NA,NA
401864523,2026,7,"regular","2026-10-18T01:00:00.000Z",FALSE,FALSE,FALSE,TRUE,NA,3946,"Sun Bowl",2638,"UTEP","fbs","Mountain West",NA,NA,1143,NA,23,"San José State","fbs","Mountain West",NA,NA,1407,NA,NA,"",NA,NA
401860904,2026,7,"regular","2026-10-18T02:30:00.000Z",FALSE,FALSE,FALSE,TRUE,NA,7311,"Snapdragon Stadium",21,"San Diego State","fbs","Pac-12",NA,NA,NA,NA,278,"Fresno State","fbs","Pac-12",NA,NA,1442,NA,NA,"",NA,NA
401871055,2026,8,"regular","2026-10-20T23:00:00.000Z",FALSE,FALSE,FALSE,TRUE,NA,2031,"Pitbull Stadium",2229,"Florida International","fbs","Conference USA",NA,NA,1378,NA,2393,"Middle Tennessee","fbs","Conference USA",NA,NA,NA,NA,NA,"",NA,NA
401871069,2026,8,"regular","2026-10-20T23:00:00.000Z",FALSE,FALSE,FALSE,TRUE,NA,3695,"Delaware Stadium",48,"Delaware","fbs","Conference USA",NA,NA,NA,NA,2623,"Missouri State","fbs","Conference USA",NA,NA,1268,NA,NA,"",NA,NA
401871092,2026,8,"regular","2026-10-20T23:30:00.000Z",FALSE,FALSE,FALSE,TRUE,NA,3775,"Joan C. Edwards Stadium",276,"Marshall","fbs","Sun Belt",NA,NA,1375,NA,6,"South Alabama","fbs","Sun Belt",NA,NA,NA,NA,NA,"",NA,NA
401871070,2026,8,"regular","2026-10-22T00:00:00.000Z",FALSE,FALSE,FALSE,TRUE,NA,3647,"Elliott T. Bowers Stadium",2534,"Sam Houston","fbs","Conference USA",NA,NA,1168,NA,166,"New Mexico State","fbs","Conference USA",NA,NA,1259,NA,NA,"",NA,NA
401871056,2026,8,"regular","2026-10-22T23:00:00.000Z",FALSE,FALSE,FALSE,TRUE,NA,4899,"Fifth Third Stadium",338,"Kennesaw State","fbs","Conference USA",NA,NA,NA,NA,2335,"Liberty","fbs","Conference USA",NA,NA,1697,NA,NA,"",NA,NA
401869845,2026,8,"regular","2026-10-22T23:00:00.000Z",FALSE,FALSE,FALSE,TRUE,NA,3792,"Kidd Brewer Stadium",2026,"App State","fbs","Sun Belt",NA,NA,NA,NA,256,"James Madison","fbs","Sun Belt",NA,NA,1776,NA,NA,"",NA,NA
401862807,2026,8,"regular","2026-10-22T23:30:00.000Z",FALSE,FALSE,FALSE,TRUE,NA,3805,"Simmons Bank Liberty Stadium",235,"Memphis","fbs","American Athletic",NA,NA,1570,NA,151,"East Carolina","fbs","American Athletic",NA,NA,1471,NA,NA,"",NA,NA
401861965,2026,8,"regular","2026-10-23T23:00:00.000Z",FALSE,FALSE,FALSE,FALSE,NA,3892,"Pratt & Whitney Stadium",41,"UConn","fbs","FBS Independents",NA,NA,NA,NA,113,"Massachusetts","fbs","Mid-American",NA,NA,1049,NA,NA,"",NA,NA
401858271,2026,8,"regular","2026-10-23T23:00:00.000Z",FALSE,FALSE,FALSE,TRUE,NA,3923,"Scott Stadium",258,"Virginia","fbs","ACC",NA,NA,1652,NA,150,"Duke","fbs","ACC",NA,NA,1605,NA,NA,"",NA,NA
401862808,2026,8,"regular","2026-10-24T00:30:00.000Z",FALSE,FALSE,FALSE,TRUE,NA,3674,"Chapman Stadium",202,"Tulsa","fbs","American Athletic",NA,NA,1265,NA,349,"Army","fbs","American Athletic",NA,NA,1527,NA,NA,"",NA,NA
401864525,2026,8,"regular","2026-10-24T01:00:00.000Z",FALSE,FALSE,FALSE,TRUE,NA,3984,"War Memorial Stadium",2751,"Wyoming","fbs","Mountain West",NA,NA,1309,NA,2005,"Air Force","fbs","Mountain West",NA,NA,NA,NA,NA,"",NA,NA
401858272,2026,8,"regular","2026-10-24T02:30:00.000Z",FALSE,FALSE,FALSE,TRUE,NA,3940,"Stanford Stadium",24,"Stanford","fbs","ACC",NA,NA,1408,NA,152,"NC State","fbs","ACC",NA,NA,1509,NA,NA,"",NA,NA
401858497,2026,8,"regular","2026-10-24T04:00:00.000Z",TRUE,FALSE,FALSE,TRUE,NA,3953,"Huntington Bank Stadium",135,"Minnesota","fbs","Big Ten",NA,NA,NA,NA,2294,"Iowa","fbs","Big Ten",NA,NA,1868,NA,NA,"",NA,NA
401858498,2026,8,"regular","2026-10-24T04:00:00.000Z",TRUE,FALSE,FALSE,TRUE,NA,11823,"Ryan Field",77,"Northwestern","fbs","Big Ten",NA,NA,NA,NA,164,"Rutgers","fbs","Big Ten",NA,NA,1408,NA,NA,"",NA,NA
401858499,2026,8,"regular","2026-10-24T04:00:00.000Z",TRUE,FALSE,FALSE,TRUE,NA,1056,"Rose Bowl",26,"UCLA","fbs","Big Ten",NA,NA,1441,NA,127,"Michigan State","fbs","Big Ten",NA,NA,1460,NA,NA,"",NA,NA
401858500,2026,8,"regular","2026-10-24T04:00:00.000Z",TRUE,FALSE,FALSE,TRUE,NA,347,"Camp Randall Stadium",275,"Wisconsin","fbs","Big Ten",NA,NA,1455,NA,30,"USC","fbs","Big Ten",NA,NA,1763,NA,NA,"",NA,NA
401862809,2026,8,"regular","2026-10-24T04:00:00.000Z",TRUE,FALSE,FALSE,TRUE,NA,3715,"FAU Stadium",2226,"Florida Atlantic","fbs","American Athletic",NA,NA,1178,NA,242,"Rice","fbs","American Athletic",NA,NA,NA,NA,NA,"",NA,NA
401862811,2026,8,"regular","2026-10-24T04:00:00.000Z",TRUE,FALSE,FALSE,TRUE,NA,4729,"Yulman Stadium",2655,"Tulane","fbs","American Athletic",NA,NA,1531,NA,2636,"UTSA","fbs","American Athletic",NA,NA,1522,NA,NA,"",NA,NA
401856730,2026,8,"regular","2026-10-24T04:00:00.000Z",TRUE,FALSE,FALSE,TRUE,NA,3693,"Davis Wade Stadium",344,"Mississippi State","fbs","SEC",NA,NA,1597,NA,201,"Oklahoma","fbs","SEC",NA,NA,1819,NA,NA,"","FLEX: 3:30 - 4:30pm OR 6 - 8pm ET start",NA
401866448,2026,8,"regular","2026-10-24T04:00:00.000Z",TRUE,FALSE,FALSE,TRUE,NA,3965,"UB Stadium",2084,"Buffalo","fbs","Mid-American",NA,NA,NA,NA,189,"Bowling Green","fbs","Mid-American",NA,NA,NA,NA,NA,"",NA,NA
401866446,2026,8,"regular","2026-10-24T04:00:00.000Z",TRUE,FALSE,FALSE,TRUE,NA,3696,"Dix Stadium",2309,"Kent State","fbs","Mid-American",NA,NA,1035,NA,2006,"Akron","fbs","Mid-American",NA,NA,905,NA,NA,"",NA,NA
401864526,2026,8,"regular","2026-10-24T04:00:00.000Z",TRUE,FALSE,FALSE,TRUE,NA,3764,"Huskie Stadium",2459,"Northern Illinois","fbs","Mountain West",NA,NA,1245,NA,62,"Hawai'i","fbs","Mountain West",NA,NA,1421,NA,NA,"",NA,NA
401866450,2026,8,"regular","2026-10-24T04:00:00.000Z",TRUE,FALSE,FALSE,TRUE,NA,3739,"Glass Bowl",2649,"Toledo","fbs","Mid-American",NA,NA,1576,NA,2711,"Western Michigan","fbs","Mid-American",NA,NA,1534,NA,NA,"",NA,NA
401866447,2026,8,"regular","2026-10-24T04:00:00.000Z",TRUE,FALSE,FALSE,TRUE,NA,3919,"Scheumann Stadium",2050,"Ball State","fbs","Mid-American",NA,NA,1076,NA,16,"Sacramento State","fbs","Mid-American",NA,NA,1476,NA,NA,"",NA,NA
401866476,2026,8,"regular","2026-10-24T04:00:00.000Z",TRUE,FALSE,FALSE,TRUE,NA,3786,"Kelly/Shorts Stadium",2117,"Central Michigan","fbs","Mid-American",NA,NA,1253,NA,193,"Miami (OH)","fbs","Mid-American",NA,NA,1252,NA,NA,"",NA,NA
401856727,2026,8,"regular","2026-10-24T04:00:00.000Z",TRUE,FALSE,FALSE,TRUE,NA,3657,"Bryant-Denny Stadium",333,"Alabama","fbs","SEC",NA,NA,1829,NA,245,"Texas A&M","fbs","SEC",NA,NA,1865,NA,NA,"","FLEX: 3:30 - 4:30pm OR 6 - 8pm ET start",NA
401858275,2026,8,"regular","2026-10-24T04:00:00.000Z",TRUE,FALSE,FALSE,TRUE,NA,3787,"Kenan Stadium",153,"North Carolina","fbs","ACC",NA,NA,1395,NA,183,"Syracuse","fbs","ACC",NA,NA,NA,NA,NA,"",NA,NA
401856836,2026,8,"regular","2026-10-24T04:00:00.000Z",TRUE,FALSE,FALSE,TRUE,NA,3646,"Boone Pickens Stadium",197,"Oklahoma State","fbs","Big 12",NA,NA,1215,NA,38,"Colorado","fbs","Big 12",NA,NA,1404,NA,NA,"",NA,NA
401858496,2026,8,"regular","2026-10-24T04:00:00.000Z",TRUE,FALSE,FALSE,TRUE,NA,3558,"Michigan Stadium",130,"Michigan","fbs","Big Ten",NA,NA,1686,NA,84,"Indiana","fbs","Big Ten",NA,NA,2132,NA,NA,"",NA,NA
401858274,2026,8,"regular","2026-10-24T04:00:00.000Z",TRUE,FALSE,FALSE,TRUE,NA,3948,"Hard Rock Stadium",2390,"Miami","fbs","ACC",NA,NA,1930,NA,221,"Pittsburgh","fbs","ACC",NA,NA,1688,NA,NA,"",NA,NA
401856841,2026,8,"regular","2026-10-24T04:00:00.000Z",TRUE,FALSE,FALSE,TRUE,NA,3616,"Amon G. Carter Stadium",2628,"TCU","fbs","Big 12",NA,NA,1598,NA,277,"West Virginia","fbs","Big 12",NA,NA,1365,NA,NA,"",NA,NA
401856732,2026,8,"regular","2026-10-24T04:00:00.000Z",TRUE,FALSE,FALSE,TRUE,NA,3910,"DKR-Texas Memorial Stadium",251,"Texas","fbs","SEC",NA,NA,1921,NA,145,"Ole Miss","fbs","SEC",NA,NA,NA,NA,NA,"","FLEX: 3:30 - 4:30pm OR 6 - 8pm ET start",NA
401856731,2026,8,"regular","2026-10-24T04:00:00.000Z",TRUE,FALSE,FALSE,TRUE,NA,3994,"Williams-Brice Stadium",2579,"South Carolina","fbs","SEC",NA,NA,1763,NA,2633,"Tennessee","fbs","SEC",NA,NA,NA,NA,NA,"","AFTERNOON: 3:30 - 4:30pm ET start",NA
401856840,2026,8,"regular","2026-10-24T04:00:00.000Z",TRUE,FALSE,FALSE,TRUE,NA,3854,"Nippert Stadium",2132,"Cincinnati","fbs","Big 12",NA,NA,1516,NA,2641,"Texas Tech","fbs","Big 12",NA,NA,NA,NA,NA,"",NA,NA
401869967,2026,8,"regular","2026-10-24T04:00:00.000Z",TRUE,FALSE,FALSE,TRUE,NA,3815,"M. M. Roberts Stadium",2572,"Southern Miss","fbs","Sun Belt",NA,NA,NA,NA,309,"Louisiana","fbs","Sun Belt",NA,NA,NA,NA,NA,"",NA,NA
401871093,2026,8,"regular","2026-10-24T04:00:00.000Z",TRUE,FALSE,FALSE,TRUE,NA,3776,"Joe Aillet Stadium",2348,"Louisiana Tech","fbs","Sun Belt",NA,NA,NA,NA,295,"Old Dominion","fbs","Sun Belt",NA,NA,1336,NA,NA,"",NA,NA
401871094,2026,8,"regular","2026-10-24T04:00:00.000Z",TRUE,FALSE,FALSE,TRUE,NA,3975,"Veterans Memorial Stadium (AL)",2653,"Troy","fbs","Sun Belt",NA,NA,1416,NA,2433,"UL Monroe","fbs","Sun Belt",NA,NA,1058,NA,NA,"",NA,NA
401858270,2026,8,"regular","2026-10-24T04:00:00.000Z",TRUE,FALSE,FALSE,TRUE,NA,3735,"Gerald J. Ford Stadium",2567,"SMU","fbs","ACC",NA,NA,NA,NA,25,"California","fbs","ACC",NA,NA,1346,NA,NA,"",NA,NA
401858273,2026,8,"regular","2026-10-24T04:00:00.000Z",TRUE,FALSE,FALSE,TRUE,NA,721,"Bobby Dodd Stadium",59,"Georgia Tech","fbs","ACC",NA,NA,1555,NA,103,"Boston College","fbs","ACC",NA,NA,1370,NA,NA,"",NA,NA
401856729,2026,8,"regular","2026-10-24T04:00:00.000Z",TRUE,FALSE,FALSE,TRUE,NA,3683,"Kroger Field",96,"Kentucky","fbs","SEC",NA,NA,NA,NA,238,"Vanderbilt","fbs","SEC",NA,NA,NA,NA,NA,"","NIGHT: 6 - 8pm ET start",NA
401856834,2026,8,"regular","2026-10-24T04:00:00.000Z",TRUE,FALSE,FALSE,TRUE,NA,3833,"Memorial Stadium",2305,"Kansas","fbs","Big 12",NA,NA,NA,NA,239,"Baylor","fbs","Big 12",NA,NA,1509,NA,NA,"",NA,NA
401856835,2026,8,"regular","2026-10-24T04:00:00.000Z",TRUE,FALSE,FALSE,TRUE,NA,3652,"FBC Mortgage Stadium",2116,"UCF","fbs","Big 12",NA,NA,NA,NA,252,"BYU","fbs","Big 12",NA,NA,NA,NA,NA,"",NA,NA
401856837,2026,8,"regular","2026-10-24T04:00:00.000Z",TRUE,FALSE,FALSE,TRUE,NA,587,"Rice-Eccles Stadium",254,"Utah","fbs","Big 12",NA,NA,NA,NA,248,"Houston","fbs","Big 12",NA,NA,1521,NA,NA,"",NA,NA
401856838,2026,8,"regular","2026-10-24T04:00:00.000Z",TRUE,FALSE,FALSE,TRUE,NA,3619,"Arizona Stadium",12,"Arizona","fbs","Big 12",NA,NA,NA,NA,66,"Iowa State","fbs","Big 12",NA,NA,NA,NA,NA,"",NA,NA
401856839,2026,8,"regular","2026-10-24T04:00:00.000Z",TRUE,FALSE,FALSE,TRUE,NA,3947,"Mountain America Stadium",9,"Arizona State","fbs","Big 12",NA,NA,NA,NA,2306,"Kansas State","fbs","Big 12",NA,NA,NA,NA,NA,"",NA,NA
401866449,2026,8,"regular","2026-10-24T04:00:00.000Z",TRUE,FALSE,FALSE,TRUE,NA,3876,"Peden Stadium",195,"Ohio","fbs","Mid-American",NA,NA,1313,NA,2199,"Eastern Michigan","fbs","Mid-American",NA,NA,1338,NA,NA,"",NA,NA
401858276,2026,8,"regular","2026-10-24T04:00:00.000Z",TRUE,FALSE,FALSE,TRUE,NA,3836,"Memorial Stadium (Clemson, SC)",228,"Clemson","fbs","ACC",NA,NA,1550,NA,259,"Virginia Tech","fbs","ACC",NA,NA,NA,NA,NA,"",NA,NA
401858495,2026,8,"regular","2026-10-24T04:00:00.000Z",TRUE,FALSE,FALSE,TRUE,NA,3832,"Memorial Stadium (Champaign, IL)",356,"Illinois","fbs","Big Ten",NA,NA,1597,NA,2483,"Oregon","fbs","Big Ten",NA,NA,1877,NA,NA,"",NA,NA
401856728,2026,8,"regular","2026-10-24T16:00:00.000Z",FALSE,FALSE,FALSE,TRUE,NA,3785,"Jordan-Hare Stadium",2,"Auburn","fbs","SEC",NA,NA,1610,NA,99,"LSU","fbs","SEC",NA,NA,1736,NA,NA,"",NA,NA
401862810,2026,8,"regular","2026-10-24T19:30:00.000Z",FALSE,FALSE,FALSE,TRUE,NA,3852,"Navy-Marine Corps Memorial Stadium",2426,"Navy","fbs","American Athletic",NA,NA,NA,NA,249,"North Texas","fbs","American Athletic",NA,NA,1571,NA,NA,"",NA,NA
401864528,2026,8,"regular","2026-10-24T21:00:00.000Z",FALSE,FALSE,FALSE,TRUE,NA,3816,"Mackay Stadium",2440,"Nevada","fbs","Mountain West",NA,NA,1451,NA,23,"San José State","fbs","Mountain West",NA,NA,1407,NA,NA,"",NA,NA
401860907,2026,8,"regular","2026-10-24T22:00:00.000Z",FALSE,FALSE,FALSE,TRUE,NA,3820,"Gesa Field",265,"Washington State","fbs","Pac-12",NA,NA,1599,NA,68,"Boise State","fbs","Pac-12",NA,NA,1565,NA,NA,"",NA,NA
401860905,2026,8,"regular","2026-10-24T22:30:00.000Z",FALSE,FALSE,FALSE,TRUE,NA,5388,"Canvas Stadium",36,"Colorado State","fbs","Pac-12",NA,NA,1327,NA,21,"San Diego State","fbs","Pac-12",NA,NA,NA,NA,NA,"",NA,NA
401869935,2026,8,"regular","2026-10-24T23:00:00.000Z",FALSE,FALSE,FALSE,TRUE,NA,3625,"Centennial Bank Stadium",2032,"Arkansas State","fbs","Sun Belt",NA,NA,1349,NA,2247,"Georgia State","fbs","Sun Belt",NA,NA,NA,NA,NA,"",NA,NA
401860906,2026,8,"regular","2026-10-24T23:30:00.000Z",FALSE,FALSE,FALSE,TRUE,NA,3644,"Bobcat Stadium (TX)",326,"Texas State","fbs","Pac-12",NA,NA,1433,NA,328,"Utah State","fbs","Pac-12",NA,NA,1376,NA,NA,"",NA,NA
401864527,2026,8,"regular","2026-10-25T02:00:00.000Z",FALSE,FALSE,FALSE,TRUE,NA,3971,"University Stadium (NM)",167,"New Mexico","fbs","Mountain West",NA,NA,1564,NA,2449,"North Dakota State","fbs","Mountain West",NA,NA,1562,NA,NA,"",NA,NA
401871071,2026,9,"regular","2026-10-27T23:00:00.000Z",FALSE,FALSE,FALSE,TRUE,NA,3796,"Houchens Industries-L.T. Smith Stadium",98,"Western Kentucky","fbs","Conference USA",NA,NA,1338,NA,48,"Delaware","fbs","Conference USA",NA,NA,NA,NA,NA,"",NA,NA
401871072,2026,9,"regular","2026-10-28T00:00:00.000Z",FALSE,FALSE,FALSE,TRUE,NA,3878,"Plaster Sports Complex",2623,"Missouri State","fbs","Conference USA",NA,NA,1268,NA,2534,"Sam Houston","fbs","Conference USA",NA,NA,1168,NA,NA,"",NA,NA
401871058,2026,9,"regular","2026-10-28T23:00:00.000Z",FALSE,FALSE,FALSE,TRUE,NA,3725,"Johnny ""Red"" Floyd Stadium",2393,"Middle Tennessee","fbs","Conference USA",NA,NA,NA,NA,338,"Kennesaw State","fbs","Conference USA",NA,NA,NA,NA,NA,"",NA,NA
401871057,2026,9,"regular","2026-10-29T00:00:00.000Z",FALSE,FALSE,FALSE,TRUE,NA,3601,"Aggie Memorial Stadium",166,"New Mexico State","fbs","Conference USA",NA,NA,1259,NA,55,"Jacksonville State","fbs","Conference USA",NA,NA,1432,NA,NA,"",NA,NA
401862812,2026,9,"regular","2026-10-29T23:30:00.000Z",FALSE,FALSE,FALSE,TRUE,NA,3825,"DATCU Stadium",249,"North Texas","fbs","American Athletic",NA,NA,1571,NA,2226,"Florida Atlantic","fbs","American Athletic",NA,NA,1178,NA,NA,"",NA,NA
401869963,2026,9,"regular","2026-10-29T23:30:00.000Z",FALSE,FALSE,FALSE,TRUE,NA,3651,"Bridgeforth Stadium",256,"James Madison","fbs","Sun Belt",NA,NA,1776,NA,2653,"Troy","fbs","Sun Belt",NA,NA,1416,NA,NA,"",NA,NA
401862813,2026,9,"regular","2026-10-30T23:00:00.000Z",FALSE,FALSE,FALSE,TRUE,NA,4418,"Jerry Richardson Stadium",2429,"Charlotte","fbs","American Athletic",NA,NA,NA,NA,2655,"Tulane","fbs","American Athletic",NA,NA,1531,NA,NA,"",NA,NA
401856844,2026,9,"regular","2026-10-30T23:30:00.000Z",FALSE,FALSE,FALSE,TRUE,NA,3652,"FBC Mortgage Stadium",2116,"UCF","fbs","Big 12",NA,NA,NA,NA,239,"Baylor","fbs","Big 12",NA,NA,1509,NA,NA,"",NA,NA
401866451,2026,9,"regular","2026-10-31T02:30:00.000Z",FALSE,FALSE,FALSE,TRUE,NA,3757,"Hornet Stadium",16,"Sacramento State","fbs","Mid-American",NA,NA,1476,NA,2309,"Kent State","fbs","Mid-American",NA,NA,1035,NA,NA,"",NA,NA
401856846,2026,9,"regular","2026-10-31T04:00:00.000Z",TRUE,FALSE,FALSE,TRUE,NA,3726,"Folsom Field",38,"Colorado","fbs","Big 12",NA,NA,1404,NA,2306,"Kansas State","fbs","Big 12",NA,NA,NA,NA,NA,"",NA,NA
401858280,2026,9,"regular","2026-10-31T04:00:00.000Z",TRUE,FALSE,FALSE,TRUE,NA,3697,"Doak Campbell Stadium",52,"Florida State","fbs","ACC",NA,NA,1559,NA,228,"Clemson","fbs","ACC",NA,NA,1550,NA,NA,"",NA,NA
401858281,2026,9,"regular","2026-10-31T04:00:00.000Z",TRUE,FALSE,FALSE,TRUE,NA,3752,"Acrisure Stadium",221,"Pittsburgh","fbs","ACC",NA,NA,1688,NA,59,"Georgia Tech","fbs","ACC",NA,NA,1555,NA,NA,"",NA,NA
401858283,2026,9,"regular","2026-10-31T04:00:00.000Z",TRUE,FALSE,FALSE,TRUE,NA,3873,"L&N Federal Credit Union Stadium",97,"Louisville","fbs","ACC",NA,NA,NA,NA,24,"Stanford","fbs","ACC",NA,NA,1408,NA,NA,"",NA,NA
401869944,2026,9,"regular","2026-10-31T04:00:00.000Z",TRUE,FALSE,FALSE,TRUE,NA,4246,"Center Parc Stadium",2247,"Georgia State","fbs","Sun Belt",NA,NA,NA,NA,324,"Coastal Carolina","fbs","Sun Belt",NA,NA,1270,NA,NA,"",NA,NA
401858284,2026,9,"regular","2026-10-31T04:00:00.000Z",TRUE,FALSE,FALSE,TRUE,NA,3630,"Allegacy Federal Credit Union Stadium",154,"Wake Forest","fbs","ACC",NA,NA,1540,NA,258,"Virginia","fbs","ACC",NA,NA,1652,NA,NA,"",NA,NA
401856843,2026,9,"regular","2026-10-31T04:00:00.000Z",TRUE,FALSE,FALSE,TRUE,NA,3801,"LaVell Edwards Stadium",252,"BYU","fbs","Big 12",NA,NA,NA,NA,9,"Arizona State","fbs","Big 12",NA,NA,NA,NA,NA,"",NA,NA
401858282,2026,9,"regular","2026-10-31T04:00:00.000Z",TRUE,FALSE,FALSE,TRUE,NA,3787,"Kenan Stadium",153,"North Carolina","fbs","ACC",NA,NA,1395,NA,2390,"Miami","fbs","ACC",NA,NA,1930,NA,NA,"",NA,NA
401869846,2026,9,"regular","2026-10-31T04:00:00.000Z",TRUE,FALSE,FALSE,TRUE,NA,3608,"Allen E. Paulson Stadium",290,"Georgia Southern","fbs","Sun Belt",NA,NA,NA,NA,2026,"App State","fbs","Sun Belt",NA,NA,NA,NA,NA,"",NA,NA
401858502,2026,9,"regular","2026-10-31T04:00:00.000Z",TRUE,FALSE,FALSE,TRUE,NA,3793,"Kinnick Stadium",2294,"Iowa","fbs","Big Ten",NA,NA,1868,NA,275,"Wisconsin","fbs","Big Ten",NA,NA,1455,NA,NA,"",NA,NA
401858501,2026,9,"regular","2026-10-31T04:00:00.000Z",TRUE,FALSE,FALSE,TRUE,NA,3830,"Memorial Stadium (Bloomington, IN)",84,"Indiana","fbs","Big Ten",NA,NA,2132,NA,135,"Minnesota","fbs","Big Ten",NA,NA,NA,NA,NA,"",NA,NA
401858503,2026,9,"regular","2026-10-31T04:00:00.000Z",TRUE,FALSE,FALSE,TRUE,NA,3665,"SECU Stadium",120,"Maryland","fbs","Big Ten",NA,NA,NA,NA,356,"Illinois","fbs","Big Ten",NA,NA,1597,NA,NA,"",NA,NA
401871095,2026,9,"regular","2026-10-31T04:00:00.000Z",TRUE,FALSE,FALSE,TRUE,NA,3817,"Malone Stadium",2433,"UL Monroe","fbs","Sun Belt",NA,NA,1058,NA,2572,"Southern Miss","fbs","Sun Belt",NA,NA,NA,NA,NA,"",NA,NA
401856842,2026,9,"regular","2026-10-31T04:00:00.000Z",TRUE,FALSE,FALSE,TRUE,NA,3784,"Jones AT&T Stadium",2641,"Texas Tech","fbs","Big 12",NA,NA,NA,NA,12,"Arizona","fbs","Big 12",NA,NA,NA,NA,NA,"",NA,NA
401856733,2026,9,"regular","2026-10-31T04:00:00.000Z",TRUE,FALSE,FALSE,TRUE,NA,3887,"Razorback Stadium",8,"Arkansas","fbs","SEC",NA,NA,NA,NA,142,"Missouri","fbs","SEC",NA,NA,NA,NA,NA,"","FLEX: 3:30 - 4:30pm OR 6 - 8pm ET start",NA
401858504,2026,9,"regular","2026-10-31T04:00:00.000Z",TRUE,FALSE,FALSE,TRUE,NA,3834,"Memorial Stadium (Lincoln, NE)",158,"Nebraska","fbs","Big Ten",NA,NA,1597,NA,264,"Washington","fbs","Big Ten",NA,NA,1764,NA,NA,"",NA,NA
401858505,2026,9,"regular","2026-10-31T04:00:00.000Z",TRUE,FALSE,FALSE,TRUE,NA,3626,"Autzen Stadium",2483,"Oregon","fbs","Big Ten",NA,NA,1877,NA,77,"Northwestern","fbs","Big Ten",NA,NA,NA,NA,NA,"",NA,NA
401858509,2026,9,"regular","2026-10-31T04:00:00.000Z",TRUE,FALSE,FALSE,TRUE,NA,477,"Los Angeles Memorial Coliseum",30,"USC","fbs","Big Ten",NA,NA,1763,NA,194,"Ohio State","fbs","Big Ten",NA,NA,2022,NA,NA,"",NA,NA
401858508,2026,9,"regular","2026-10-31T04:00:00.000Z",TRUE,FALSE,FALSE,FALSE,NA,1056,"Rose Bowl",26,"UCLA","fbs","Big Ten",NA,NA,1441,NA,2440,"Nevada","fbs","Mountain West",NA,NA,1451,NA,NA,"",NA,NA
401862815,2026,9,"regular","2026-10-31T04:00:00.000Z",TRUE,FALSE,FALSE,TRUE,NA,3699,"Dowdy-Ficklen Stadium",151,"East Carolina","fbs","American Athletic",NA,NA,1471,NA,218,"Temple","fbs","American Athletic",NA,NA,NA,NA,NA,"",NA,NA
401856737,2026,9,"regular","2026-10-31T04:00:00.000Z",TRUE,FALSE,FALSE,TRUE,NA,3910,"DKR-Texas Memorial Stadium",251,"Texas","fbs","SEC",NA,NA,1921,NA,344,"Mississippi State","fbs","SEC",NA,NA,1597,NA,NA,"","NIGHT: 6 - 8pm ET start",NA
401864529,2026,9,"regular","2026-10-31T04:00:00.000Z",TRUE,FALSE,FALSE,TRUE,NA,3935,"CEFCU Stadium",23,"San José State","fbs","Mountain West",NA,NA,1407,NA,167,"New Mexico","fbs","Mountain West",NA,NA,1564,NA,NA,"",NA,NA
401856735,2026,9,"regular","2026-10-31T04:00:00.000Z",TRUE,FALSE,FALSE,TRUE,NA,3974,"Vaught-Hemingway Stadium",145,"Ole Miss","fbs","SEC",NA,NA,NA,NA,2,"Auburn","fbs","SEC",NA,NA,1610,NA,NA,"","EARLY: Noon - 1pm ET start",NA
401871096,2026,9,"regular","2026-10-31T04:00:00.000Z",TRUE,FALSE,FALSE,TRUE,NA,3918,"S.B. Ballard Stadium",295,"Old Dominion","fbs","Sun Belt",NA,NA,1336,NA,276,"Marshall","fbs","Sun Belt",NA,NA,1375,NA,NA,"",NA,NA
401858277,2026,9,"regular","2026-10-31T04:00:00.000Z",TRUE,FALSE,FALSE,TRUE,NA,3670,"Carter-Finley Stadium",152,"NC State","fbs","ACC",NA,NA,1509,NA,25,"California","fbs","ACC",NA,NA,1346,NA,NA,"",NA,NA
401856736,2026,9,"regular","2026-10-31T04:00:00.000Z",TRUE,FALSE,FALSE,TRUE,NA,3835,"Memorial Stadium (Norman, OK)",201,"Oklahoma","fbs","SEC",NA,NA,1819,NA,2579,"South Carolina","fbs","SEC",NA,NA,1763,NA,NA,"","FLEX: 3:30 - 4:30pm OR 6 - 8pm ET start",NA
401856847,2026,9,"regular","2026-10-31T04:00:00.000Z",TRUE,FALSE,FALSE,TRUE,NA,3772,"Jack Trice Stadium",66,"Iowa State","fbs","Big 12",NA,NA,NA,NA,197,"Oklahoma State","fbs","Big 12",NA,NA,1215,NA,NA,"",NA,NA
401858278,2026,9,"regular","2026-10-31T04:00:00.000Z",TRUE,FALSE,FALSE,TRUE,NA,1964,"JMA Wireless Dome",183,"Syracuse","fbs","ACC",NA,NA,NA,NA,2567,"SMU","fbs","ACC",NA,NA,NA,NA,NA,"",NA,NA
401871097,2026,9,"regular","2026-10-31T04:00:00.000Z",TRUE,FALSE,FALSE,TRUE,NA,6526,"Hancock Whitney Stadium",6,"South Alabama","fbs","Sun Belt",NA,NA,NA,NA,2348,"Louisiana Tech","fbs","Sun Belt",NA,NA,NA,NA,NA,"",NA,NA
401858279,2026,9,"regular","2026-10-31T04:00:00.000Z",TRUE,FALSE,FALSE,TRUE,NA,3982,"Wallace Wade Stadium",150,"Duke","fbs","ACC",NA,NA,1605,NA,103,"Boston College","fbs","ACC",NA,NA,1370,NA,NA,"",NA,NA
401862814,2026,9,"regular","2026-10-31T04:00:00.000Z",TRUE,FALSE,FALSE,TRUE,NA,3805,"Simmons Bank Liberty Stadium",235,"Memphis","fbs","American Athletic",NA,NA,1570,NA,349,"Army","fbs","American Athletic",NA,NA,1527,NA,NA,"",NA,NA
401862816,2026,9,"regular","2026-10-31T04:00:00.000Z",TRUE,FALSE,FALSE,TRUE,NA,3886,"Raymond James Stadium",58,"South Florida","fbs","American Athletic",NA,NA,1686,NA,5,"UAB","fbs","American Athletic",NA,NA,1409,NA,NA,"",NA,NA
401858507,2026,9,"regular","2026-10-31T04:00:00.000Z",TRUE,FALSE,FALSE,TRUE,NA,6577,"SHI Stadium",164,"Rutgers","fbs","Big Ten",NA,NA,1408,NA,130,"Michigan","fbs","Big Ten",NA,NA,1686,NA,NA,"",NA,NA
401860924,2026,9,"regular","2026-10-31T04:00:00.000Z",TRUE,FALSE,FALSE,TRUE,NA,3660,"Valley Children's Stadium",278,"Fresno State","fbs","Pac-12",NA,NA,1442,NA,204,"Oregon State","fbs","Pac-12",NA,NA,1253,NA,NA,"",NA,NA
401856845,2026,9,"regular","2026-10-31T04:00:00.000Z",TRUE,FALSE,FALSE,TRUE,NA,3616,"Amon G. Carter Stadium",2628,"TCU","fbs","Big 12",NA,NA,1598,NA,2305,"Kansas","fbs","Big 12",NA,NA,NA,NA,NA,"",NA,NA
401856848,2026,9,"regular","2026-10-31T04:00:00.000Z",TRUE,FALSE,FALSE,TRUE,NA,3854,"Nippert Stadium",2132,"Cincinnati","fbs","Big 12",NA,NA,1516,NA,254,"Utah","fbs","Big 12",NA,NA,NA,NA,NA,"",NA,NA
401858506,2026,9,"regular","2026-10-31T04:00:00.000Z",TRUE,FALSE,FALSE,TRUE,NA,3632,"Beaver Stadium",213,"Penn State","fbs","Big Ten",NA,NA,1905,NA,2509,"Purdue","fbs","Big Ten",NA,NA,NA,NA,NA,"",NA,NA
401859185,2026,9,"regular","2026-10-31T16:00:00.000Z",FALSE,FALSE,TRUE,FALSE,NA,3738,"Gillette Stadium",2426,"Navy","fbs","American Athletic",NA,NA,NA,NA,87,"Notre Dame","fbs","FBS Independents",NA,NA,2041,NA,NA,"",NA,NA
401866452,2026,9,"regular","2026-10-31T16:00:00.000Z",FALSE,FALSE,FALSE,TRUE,NA,3980,"Waldo Stadium",2711,"Western Michigan","fbs","Mid-American",NA,NA,1534,NA,189,"Bowling Green","fbs","Mid-American",NA,NA,NA,NA,NA,"",NA,NA
401861966,2026,9,"regular","2026-10-31T19:00:00.000Z",FALSE,FALSE,FALSE,FALSE,NA,3713,"Falcon Stadium",2005,"Air Force","fbs","Mountain West",NA,NA,NA,NA,41,"UConn","fbs","FBS Independents",NA,NA,NA,NA,NA,"",NA,NA
401864531,2026,9,"regular","2026-10-31T19:30:00.000Z",FALSE,FALSE,FALSE,TRUE,NA,3714,"Fargodome",2449,"North Dakota State","fbs","Mountain West",NA,NA,1562,NA,2638,"UTEP","fbs","Mountain West",NA,NA,1143,NA,NA,"",NA,NA
401871059,2026,9,"regular","2026-10-31T19:30:00.000Z",FALSE,FALSE,FALSE,TRUE,NA,3992,"Williams Stadium (VA)",2335,"Liberty","fbs","Conference USA",NA,NA,1697,NA,2229,"Florida International","fbs","Conference USA",NA,NA,1378,NA,NA,"",NA,NA
401860910,2026,9,"regular","2026-10-31T19:30:00.000Z",FALSE,FALSE,FALSE,TRUE,NA,3905,"Maverik Stadium",328,"Utah State","fbs","Pac-12",NA,NA,1376,NA,36,"Colorado State","fbs","Pac-12",NA,NA,1327,NA,NA,"",NA,NA
401856734,2026,9,"regular","2026-10-31T19:30:00.000Z",FALSE,FALSE,TRUE,TRUE,NA,5348,"Mercedes-Benz Stadium",61,"Georgia","fbs","SEC",NA,NA,NA,NA,57,"Florida","fbs","SEC",NA,NA,1669,NA,NA,"",NA,NA
401860909,2026,9,"regular","2026-10-31T23:00:00.000Z",FALSE,FALSE,FALSE,TRUE,NA,7311,"Snapdragon Stadium",21,"San Diego State","fbs","Pac-12",NA,NA,NA,NA,265,"Washington State","fbs","Pac-12",NA,NA,1599,NA,NA,"",NA,NA
401860908,2026,9,"regular","2026-11-01T02:00:00.000Z",FALSE,FALSE,FALSE,TRUE,NA,3653,"Albertsons Stadium",68,"Boise State","fbs","Pac-12",NA,NA,1565,NA,326,"Texas State","fbs","Pac-12",NA,NA,1433,NA,NA,"",NA,NA
401864530,2026,9,"regular","2026-11-01T02:30:00.000Z",FALSE,FALSE,FALSE,TRUE,NA,6501,"Allegiant Stadium",2439,"UNLV","fbs","Mountain West",NA,NA,1599,NA,2459,"Northern Illinois","fbs","Mountain West",NA,NA,1245,NA,NA,"",NA,NA
401866454,2026,10,"regular","2026-11-04T00:00:00.000Z",FALSE,FALSE,FALSE,TRUE,NA,3996,"Yager Stadium",193,"Miami (OH)","fbs","Mid-American",NA,NA,1252,NA,2084,"Buffalo","fbs","Mid-American",NA,NA,NA,NA,NA,"",NA,NA
401866453,2026,10,"regular","2026-11-04T00:00:00.000Z",FALSE,FALSE,FALSE,TRUE,NA,3768,"InfoCision Stadium",2006,"Akron","fbs","Mid-American",NA,NA,905,NA,195,"Ohio","fbs","Mid-American",NA,NA,1313,NA,NA,"",NA,NA
401866457,2026,10,"regular","2026-11-04T05:00:00.000Z",TRUE,FALSE,FALSE,TRUE,NA,3757,"Hornet Stadium",16,"Sacramento State","fbs","Mid-American",NA,NA,1476,NA,2649,"Toledo","fbs","Mid-American",NA,NA,1576,NA,NA,"",NA,NA
401866455,2026,10,"regular","2026-11-04T05:00:00.000Z",TRUE,FALSE,FALSE,TRUE,NA,3985,"Warren McGuirk Alumni Stadium",113,"Massachusetts","fbs","Mid-American",NA,NA,1049,NA,2050,"Ball State","fbs","Mid-American",NA,NA,1076,NA,NA,"",NA,NA
401866456,2026,10,"regular","2026-11-04T05:00:00.000Z",TRUE,FALSE,TRUE,TRUE,NA,3727,"Ford Field",2199,"Eastern Michigan","fbs","Mid-American",NA,NA,1338,NA,2117,"Central Michigan","fbs","Mid-American",NA,NA,1253,NA,NA,"",NA,NA
401862817,2026,10,"regular","2026-11-06T01:00:00.000Z",FALSE,FALSE,FALSE,TRUE,NA,3715,"FAU Stadium",2226,"Florida Atlantic","fbs","American Athletic",NA,NA,1178,NA,2636,"UTSA","fbs","American Athletic",NA,NA,1522,NA,NA,"",NA,NA
401869964,2026,10,"regular","2026-11-06T01:00:00.000Z",FALSE,FALSE,FALSE,TRUE,NA,3815,"M. M. Roberts Stadium",2572,"Southern Miss","fbs","Sun Belt",NA,NA,NA,NA,256,"James Madison","fbs","Sun Belt",NA,NA,1776,NA,NA,"",NA,NA
401858288,2026,10,"regular","2026-11-07T00:00:00.000Z",FALSE,FALSE,FALSE,TRUE,NA,3735,"Gerald J. Ford Stadium",2567,"SMU","fbs","ACC",NA,NA,NA,NA,259,"Virginia Tech","fbs","ACC",NA,NA,NA,NA,NA,"",NA,NA
401862818,2026,10,"regular","2026-11-07T00:30:00.000Z",FALSE,FALSE,FALSE,TRUE,NA,3699,"Dowdy-Ficklen Stadium",151,"East Carolina","fbs","American Athletic",NA,NA,1471,NA,58,"South Florida","fbs","American Athletic",NA,NA,1686,NA,NA,"",NA,NA
401858510,2026,10,"regular","2026-11-07T01:00:00.000Z",FALSE,FALSE,FALSE,TRUE,NA,3832,"Memorial Stadium (Champaign, IL)",356,"Illinois","fbs","Big Ten",NA,NA,1597,NA,158,"Nebraska","fbs","Big Ten",NA,NA,1597,NA,NA,"",NA,NA
401864533,2026,10,"regular","2026-11-07T02:00:00.000Z",FALSE,FALSE,FALSE,TRUE,NA,3816,"Mackay Stadium",2440,"Nevada","fbs","Mountain West",NA,NA,1451,NA,167,"New Mexico","fbs","Mountain West",NA,NA,1564,NA,NA,"",NA,NA
401856855,2026,10,"regular","2026-11-07T03:15:00.000Z",FALSE,FALSE,FALSE,TRUE,NA,3619,"Arizona Stadium",12,"Arizona","fbs","Big 12",NA,NA,NA,NA,2628,"TCU","fbs","Big 12",NA,NA,1598,NA,NA,"",NA,NA
401856856,2026,10,"regular","2026-11-07T05:00:00.000Z",TRUE,FALSE,FALSE,TRUE,NA,3784,"Jones AT&T Stadium",2641,"Texas Tech","fbs","Big 12",NA,NA,NA,NA,277,"West Virginia","fbs","Big 12",NA,NA,1365,NA,NA,"",NA,NA
401864534,2026,10,"regular","2026-11-07T05:00:00.000Z",TRUE,FALSE,FALSE,TRUE,NA,3935,"CEFCU Stadium",23,"San José State","fbs","Mountain West",NA,NA,1407,NA,2459,"Northern Illinois","fbs","Mountain West",NA,NA,1245,NA,NA,"",NA,NA
401864532,2026,10,"regular","2026-11-07T05:00:00.000Z",TRUE,FALSE,FALSE,TRUE,NA,3946,"Sun Bowl",2638,"UTEP","fbs","Mountain West",NA,NA,1143,NA,62,"Hawai'i","fbs","Mountain West",NA,NA,1421,NA,NA,"",NA,NA
401858514,2026,10,"regular","2026-11-07T05:00:00.000Z",TRUE,FALSE,FALSE,TRUE,NA,3861,"Ohio Stadium",194,"Ohio State","fbs","Big Ten",NA,NA,2022,NA,2483,"Oregon","fbs","Big Ten",NA,NA,1877,NA,NA,"",NA,NA
401858287,2026,10,"regular","2026-11-07T05:00:00.000Z",TRUE,FALSE,FALSE,TRUE,NA,721,"Bobby Dodd Stadium",59,"Georgia Tech","fbs","ACC",NA,NA,1555,NA,97,"Louisville","fbs","ACC",NA,NA,NA,NA,NA,"",NA,NA
401858285,2026,10,"regular","2026-11-07T05:00:00.000Z",TRUE,FALSE,FALSE,TRUE,NA,1964,"JMA Wireless Dome",183,"Syracuse","fbs","ACC",NA,NA,NA,NA,228,"Clemson","fbs","ACC",NA,NA,1550,NA,NA,"",NA,NA
401858286,2026,10,"regular","2026-11-07T05:00:00.000Z",TRUE,FALSE,FALSE,TRUE,NA,3670,"Carter-Finley Stadium",152,"NC State","fbs","ACC",NA,NA,1509,NA,150,"Duke","fbs","ACC",NA,NA,1605,NA,NA,"",NA,NA
401856741,2026,10,"regular","2026-11-07T05:00:00.000Z",TRUE,FALSE,FALSE,TRUE,NA,3974,"Vaught-Hemingway Stadium",145,"Ole Miss","fbs","SEC",NA,NA,NA,NA,61,"Georgia","fbs","SEC",NA,NA,NA,NA,NA,"","FLEX: 3:30 - 4:30pm OR 6 - 8pm ET start",NA
401856738,2026,10,"regular","2026-11-07T05:00:00.000Z",TRUE,FALSE,FALSE,TRUE,NA,3785,"Jordan-Hare Stadium",2,"Auburn","fbs","SEC",NA,NA,1610,NA,8,"Arkansas","fbs","SEC",NA,NA,NA,NA,NA,"","EARLY: Noon - 1pm ET start",NA
401856739,2026,10,"regular","2026-11-07T05:00:00.000Z",TRUE,FALSE,FALSE,TRUE,NA,3634,"Ben Hill Griffin Stadium",57,"Florida","fbs","SEC",NA,NA,1669,NA,201,"Oklahoma","fbs","SEC",NA,NA,1819,NA,NA,"","FLEX: 3:30 - 4:30pm OR 6 - 8pm ET start",NA
401856740,2026,10,"regular","2026-11-07T05:00:00.000Z",TRUE,FALSE,FALSE,TRUE,NA,3958,"Tiger Stadium (LA)",99,"LSU","fbs","SEC",NA,NA,1736,NA,333,"Alabama","fbs","SEC",NA,NA,1829,NA,NA,"","FLEX: 3:30 - 4:30pm OR 6 - 8pm ET start",NA
401856743,2026,10,"regular","2026-11-07T05:00:00.000Z",TRUE,FALSE,FALSE,TRUE,NA,3838,"Memorial Stadium",142,"Missouri","fbs","SEC",NA,NA,NA,NA,251,"Texas","fbs","SEC",NA,NA,1921,NA,NA,"","EARLY: Noon - 1pm ET start",NA
401856745,2026,10,"regular","2026-11-07T05:00:00.000Z",TRUE,FALSE,FALSE,TRUE,NA,3853,"Neyland Stadium",2633,"Tennessee","fbs","SEC",NA,NA,NA,NA,96,"Kentucky","fbs","SEC",NA,NA,NA,NA,NA,"","NIGHT: 6 - 8pm ET start",NA
401856849,2026,10,"regular","2026-11-07T05:00:00.000Z",TRUE,FALSE,FALSE,TRUE,NA,587,"Rice-Eccles Stadium",254,"Utah","fbs","Big 12",NA,NA,NA,NA,252,"BYU","fbs","Big 12",NA,NA,NA,NA,NA,"",NA,NA
401856850,2026,10,"regular","2026-11-07T05:00:00.000Z",TRUE,FALSE,FALSE,TRUE,NA,3833,"Memorial Stadium",2305,"Kansas","fbs","Big 12",NA,NA,NA,NA,2116,"UCF","fbs","Big 12",NA,NA,NA,NA,NA,"",NA,NA
401856852,2026,10,"regular","2026-11-07T05:00:00.000Z",TRUE,FALSE,FALSE,TRUE,NA,3947,"Mountain America Stadium",9,"Arizona State","fbs","Big 12",NA,NA,NA,NA,38,"Colorado","fbs","Big 12",NA,NA,1404,NA,NA,"",NA,NA
401856854,2026,10,"regular","2026-11-07T05:00:00.000Z",TRUE,FALSE,FALSE,TRUE,NA,3636,"Bill Snyder Family Stadium",2306,"Kansas State","fbs","Big 12",NA,NA,NA,NA,197,"Oklahoma State","fbs","Big 12",NA,NA,1215,NA,NA,"",NA,NA
401856853,2026,10,"regular","2026-11-07T05:00:00.000Z",TRUE,FALSE,FALSE,TRUE,NA,4727,"McLane Stadium",239,"Baylor","fbs","Big 12",NA,NA,1509,NA,66,"Iowa State","fbs","Big 12",NA,NA,NA,NA,NA,"",NA,NA
401858289,2026,10,"regular","2026-11-07T05:00:00.000Z",TRUE,FALSE,FALSE,TRUE,NA,3615,"Alumni Stadium (Chestnut Hill, MA)",103,"Boston College","fbs","ACC",NA,NA,1370,NA,52,"Florida State","fbs","ACC",NA,NA,1559,NA,NA,"",NA,NA
401858512,2026,10,"regular","2026-11-07T05:00:00.000Z",TRUE,FALSE,FALSE,TRUE,NA,3953,"Huntington Bank Stadium",135,"Minnesota","fbs","Big Ten",NA,NA,NA,NA,26,"UCLA","fbs","Big Ten",NA,NA,1441,NA,NA,"",NA,NA
401858511,2026,10,"regular","2026-11-07T05:00:00.000Z",TRUE,FALSE,FALSE,TRUE,NA,3558,"Michigan Stadium",130,"Michigan","fbs","Big Ten",NA,NA,1686,NA,127,"Michigan State","fbs","Big Ten",NA,NA,1460,NA,NA,"",NA,NA
401858513,2026,10,"regular","2026-11-07T05:00:00.000Z",TRUE,FALSE,FALSE,TRUE,NA,11823,"Ryan Field",77,"Northwestern","fbs","Big Ten",NA,NA,NA,NA,2294,"Iowa","fbs","Big Ten",NA,NA,1868,NA,NA,"",NA,NA
401858515,2026,10,"regular","2026-11-07T05:00:00.000Z",TRUE,FALSE,FALSE,TRUE,NA,3907,"Ross-Ade Stadium",2509,"Purdue","fbs","Big Ten",NA,NA,NA,NA,120,"Maryland","fbs","Big Ten",NA,NA,NA,NA,NA,"",NA,NA
401858516,2026,10,"regular","2026-11-07T05:00:00.000Z",TRUE,FALSE,FALSE,TRUE,NA,3765,"Husky Stadium",264,"Washington","fbs","Big Ten",NA,NA,1764,NA,213,"Penn State","fbs","Big Ten",NA,NA,1905,NA,NA,"",NA,NA
401858517,2026,10,"regular","2026-11-07T05:00:00.000Z",TRUE,FALSE,FALSE,TRUE,NA,347,"Camp Randall Stadium",275,"Wisconsin","fbs","Big Ten",NA,NA,1455,NA,164,"Rutgers","fbs","Big Ten",NA,NA,1408,NA,NA,"",NA,NA
401862821,2026,10,"regular","2026-11-07T05:00:00.000Z",TRUE,FALSE,FALSE,TRUE,NA,3825,"DATCU Stadium",249,"North Texas","fbs","American Athletic",NA,NA,1571,NA,242,"Rice","fbs","American Athletic",NA,NA,NA,NA,NA,"",NA,NA
401869927,2026,10,"regular","2026-11-07T05:00:00.000Z",TRUE,FALSE,FALSE,TRUE,NA,3792,"Kidd Brewer Stadium",2026,"App State","fbs","Sun Belt",NA,NA,NA,NA,2247,"Georgia State","fbs","Sun Belt",NA,NA,NA,NA,NA,"",NA,NA
401869945,2026,10,"regular","2026-11-07T05:00:00.000Z",TRUE,FALSE,FALSE,TRUE,NA,3654,"Brooks Stadium (SC)",324,"Coastal Carolina","fbs","Sun Belt",NA,NA,1270,NA,295,"Old Dominion","fbs","Sun Belt",NA,NA,1336,NA,NA,"",NA,NA
401869951,2026,10,"regular","2026-11-07T05:00:00.000Z",TRUE,FALSE,FALSE,TRUE,NA,3608,"Allen E. Paulson Stadium",290,"Georgia Southern","fbs","Sun Belt",NA,NA,NA,NA,276,"Marshall","fbs","Sun Belt",NA,NA,1375,NA,NA,"",NA,NA
401869968,2026,10,"regular","2026-11-07T05:00:00.000Z",TRUE,FALSE,FALSE,TRUE,NA,3666,"Cajun Field",309,"Louisiana","fbs","Sun Belt",NA,NA,NA,NA,6,"South Alabama","fbs","Sun Belt",NA,NA,NA,NA,NA,"",NA,NA
401862822,2026,10,"regular","2026-11-07T05:00:00.000Z",TRUE,FALSE,FALSE,TRUE,NA,4729,"Yulman Stadium",2655,"Tulane","fbs","American Athletic",NA,NA,1531,NA,202,"Tulsa","fbs","American Athletic",NA,NA,1265,NA,NA,"",NA,NA
401856744,2026,10,"regular","2026-11-07T05:00:00.000Z",TRUE,FALSE,FALSE,TRUE,NA,3994,"Williams-Brice Stadium",2579,"South Carolina","fbs","SEC",NA,NA,1763,NA,245,"Texas A&M","fbs","SEC",NA,NA,1865,NA,NA,"","AFTERNOON: 3:30 - 4:30pm ET start",NA
401871098,2026,10,"regular","2026-11-07T05:00:00.000Z",TRUE,FALSE,FALSE,TRUE,NA,3975,"Veterans Memorial Stadium (AL)",2653,"Troy","fbs","Sun Belt",NA,NA,1416,NA,2348,"Louisiana Tech","fbs","Sun Belt",NA,NA,NA,NA,NA,"",NA,NA
401856742,2026,10,"regular","2026-11-07T05:00:00.000Z",TRUE,FALSE,FALSE,TRUE,NA,3693,"Davis Wade Stadium",344,"Mississippi State","fbs","SEC",NA,NA,1597,NA,238,"Vanderbilt","fbs","SEC",NA,NA,NA,NA,NA,"","FLEX: 3:30 - 4:30pm OR 6 - 8pm ET start",NA
401862819,2026,10,"regular","2026-11-07T05:00:00.000Z",TRUE,FALSE,FALSE,TRUE,NA,7221,"Protective Stadium",5,"UAB","fbs","American Athletic",NA,NA,1409,NA,2429,"Charlotte","fbs","American Athletic",NA,NA,NA,NA,NA,"",NA,NA
401856851,2026,10,"regular","2026-11-07T05:00:00.000Z",TRUE,FALSE,FALSE,TRUE,NA,4728,"TDECU Stadium",248,"Houston","fbs","Big 12",NA,NA,1521,NA,2132,"Cincinnati","fbs","Big 12",NA,NA,1516,NA,NA,"",NA,NA
401858292,2026,10,"regular","2026-11-07T17:00:00.000Z",FALSE,FALSE,FALSE,FALSE,NA,3892,"Pratt & Whitney Stadium",41,"UConn","fbs","FBS Independents",NA,NA,NA,NA,153,"North Carolina","fbs","ACC",NA,NA,1395,NA,NA,"",NA,NA
401858290,2026,10,"regular","2026-11-07T17:00:00.000Z",FALSE,FALSE,FALSE,FALSE,NA,3630,"Allegacy Federal Credit Union Stadium",154,"Wake Forest","fbs","ACC",NA,NA,1540,NA,2771,"Merrimack","fcs","FCS Independents",NA,NA,NA,NA,NA,"",NA,NA
401869936,2026,10,"regular","2026-11-07T20:00:00.000Z",FALSE,FALSE,FALSE,TRUE,NA,3625,"Centennial Bank Stadium",2032,"Arkansas State","fbs","Sun Belt",NA,NA,1349,NA,2433,"UL Monroe","fbs","Sun Belt",NA,NA,1058,NA,NA,"",NA,NA
401871073,2026,10,"regular","2026-11-07T20:00:00.000Z",FALSE,FALSE,FALSE,TRUE,NA,4899,"Fifth Third Stadium",338,"Kennesaw State","fbs","Conference USA",NA,NA,NA,NA,48,"Delaware","fbs","Conference USA",NA,NA,NA,NA,NA,"",NA,NA
401871076,2026,10,"regular","2026-11-07T20:30:00.000Z",FALSE,FALSE,FALSE,TRUE,NA,3725,"Johnny ""Red"" Floyd Stadium",2393,"Middle Tennessee","fbs","Conference USA",NA,NA,NA,NA,98,"Western Kentucky","fbs","Conference USA",NA,NA,1338,NA,NA,"",NA,NA
401862820,2026,10,"regular","2026-11-07T20:30:00.000Z",FALSE,FALSE,FALSE,TRUE,NA,3852,"Navy-Marine Corps Memorial Stadium",2426,"Navy","fbs","American Athletic",NA,NA,NA,NA,218,"Temple","fbs","American Athletic",NA,NA,NA,NA,NA,"",NA,NA
401871074,2026,10,"regular","2026-11-07T21:00:00.000Z",FALSE,FALSE,FALSE,TRUE,NA,2031,"Pitbull Stadium",2229,"Florida International","fbs","Conference USA",NA,NA,1378,NA,2623,"Missouri State","fbs","Conference USA",NA,NA,1268,NA,NA,"",NA,NA
401870795,2026,10,"regular","2026-11-07T22:00:00.000Z",FALSE,FALSE,FALSE,TRUE,NA,3601,"Aggie Memorial Stadium",166,"New Mexico State","fbs","Conference USA",NA,NA,1259,NA,2335,"Liberty","fbs","Conference USA",NA,NA,1697,NA,NA,"",NA,NA
401860911,2026,10,"regular","2026-11-07T23:00:00.000Z",FALSE,FALSE,FALSE,TRUE,NA,5388,"Canvas Stadium",36,"Colorado State","fbs","Pac-12",NA,NA,1327,NA,68,"Boise State","fbs","Pac-12",NA,NA,1565,NA,NA,"",NA,NA
401871075,2026,10,"regular","2026-11-08T00:00:00.000Z",FALSE,FALSE,FALSE,TRUE,NA,3662,"AmFirst Stadium",55,"Jacksonville State","fbs","Conference USA",NA,NA,1432,NA,2534,"Sam Houston","fbs","Conference USA",NA,NA,1168,NA,NA,"",NA,NA
401858291,2026,10,"regular","2026-11-08T00:30:00.000Z",FALSE,FALSE,FALSE,FALSE,NA,3855,"Notre Dame Stadium",87,"Notre Dame","fbs","FBS Independents",NA,NA,2041,NA,2390,"Miami","fbs","ACC",NA,NA,1930,NA,NA,"",NA,NA
401862823,2026,10,"regular","2026-11-08T00:30:00.000Z",FALSE,FALSE,FALSE,FALSE,NA,3841,"Michie Stadium",349,"Army","fbs","American Athletic",NA,NA,1527,NA,2005,"Air Force","fbs","Mountain West",NA,NA,NA,NA,NA,"",NA,NA
401860913,2026,10,"regular","2026-11-08T02:30:00.000Z",FALSE,FALSE,FALSE,TRUE,NA,3905,"Maverik Stadium",328,"Utah State","fbs","Pac-12",NA,NA,1376,NA,278,"Fresno State","fbs","Pac-12",NA,NA,1442,NA,NA,"",NA,NA
401864535,2026,10,"regular","2026-11-08T03:30:00.000Z",FALSE,FALSE,FALSE,TRUE,NA,6501,"Allegiant Stadium",2439,"UNLV","fbs","Mountain West",NA,NA,1599,NA,2751,"Wyoming","fbs","Mountain West",NA,NA,1309,NA,NA,"",NA,NA
401860912,2026,10,"regular","2026-11-08T03:30:00.000Z",FALSE,FALSE,FALSE,TRUE,NA,3893,"Reser Stadium",204,"Oregon State","fbs","Pac-12",NA,NA,1253,NA,326,"Texas State","fbs","Pac-12",NA,NA,1433,NA,NA,"",NA,NA
401866459,2026,11,"regular","2026-11-11T00:00:00.000Z",FALSE,FALSE,FALSE,TRUE,NA,3700,"Doyt L. Perry Stadium",189,"Bowling Green","fbs","Mid-American",NA,NA,NA,NA,2309,"Kent State","fbs","Mid-American",NA,NA,1035,NA,NA,"",NA,NA
401866460,2026,11,"regular","2026-11-11T00:00:00.000Z",FALSE,FALSE,FALSE,TRUE,NA,3996,"Yager Stadium",193,"Miami (OH)","fbs","Mid-American",NA,NA,1252,NA,195,"Ohio","fbs","Mid-American",NA,NA,1313,NA,NA,"",NA,NA
401866458,2026,11,"regular","2026-11-11T00:00:00.000Z",FALSE,FALSE,FALSE,TRUE,NA,3768,"InfoCision Stadium",2006,"Akron","fbs","Mid-American",NA,NA,905,NA,2711,"Western Michigan","fbs","Mid-American",NA,NA,1534,NA,NA,"",NA,NA
401866461,2026,11,"regular","2026-11-11T05:00:00.000Z",TRUE,FALSE,FALSE,TRUE,NA,3919,"Scheumann Stadium",2050,"Ball State","fbs","Mid-American",NA,NA,1076,NA,2084,"Buffalo","fbs","Mid-American",NA,NA,NA,NA,NA,"",NA,NA
401866462,2026,11,"regular","2026-11-11T05:00:00.000Z",TRUE,FALSE,FALSE,TRUE,NA,3786,"Kelly/Shorts Stadium",2117,"Central Michigan","fbs","Mid-American",NA,NA,1253,NA,16,"Sacramento State","fbs","Mid-American",NA,NA,1476,NA,NA,"",NA,NA
401866463,2026,11,"regular","2026-11-11T05:00:00.000Z",TRUE,FALSE,FALSE,TRUE,NA,3739,"Glass Bowl",2649,"Toledo","fbs","Mid-American",NA,NA,1576,NA,113,"Massachusetts","fbs","Mid-American",NA,NA,1049,NA,NA,"",NA,NA
401862824,2026,11,"regular","2026-11-13T01:00:00.000Z",FALSE,FALSE,FALSE,TRUE,NA,3886,"Raymond James Stadium",58,"South Florida","fbs","American Athletic",NA,NA,1686,NA,235,"Memphis","fbs","American Athletic",NA,NA,1570,NA,NA,"",NA,NA
401869969,2026,11,"regular","2026-11-13T02:00:00.000Z",FALSE,FALSE,FALSE,TRUE,NA,3817,"Malone Stadium",2433,"UL Monroe","fbs","Sun Belt",NA,NA,1058,NA,309,"Louisiana","fbs","Sun Belt",NA,NA,NA,NA,NA,"",NA,NA
401858293,2026,11,"regular","2026-11-14T00:00:00.000Z",FALSE,FALSE,FALSE,TRUE,NA,3752,"Acrisure Stadium",221,"Pittsburgh","fbs","ACC",NA,NA,1688,NA,52,"Florida State","fbs","ACC",NA,NA,1559,NA,NA,"",NA,NA
401858526,2026,11,"regular","2026-11-14T02:00:00.000Z",FALSE,FALSE,FALSE,TRUE,NA,1056,"Rose Bowl",26,"UCLA","fbs","Big Ten",NA,NA,1441,NA,356,"Illinois","fbs","Big Ten",NA,NA,1597,NA,NA,"",NA,NA
401856860,2026,11,"regular","2026-11-14T03:15:00.000Z",FALSE,FALSE,FALSE,TRUE,NA,3726,"Folsom Field",38,"Colorado","fbs","Big 12",NA,NA,1404,NA,248,"Houston","fbs","Big 12",NA,NA,1521,NA,NA,"",NA,NA
401856862,2026,11,"regular","2026-11-14T05:00:00.000Z",TRUE,FALSE,FALSE,TRUE,NA,3616,"Amon G. Carter Stadium",2628,"TCU","fbs","Big 12",NA,NA,1598,NA,2306,"Kansas State","fbs","Big 12",NA,NA,NA,NA,NA,"",NA,NA
401858521,2026,11,"regular","2026-11-14T05:00:00.000Z",TRUE,FALSE,FALSE,TRUE,NA,3936,"Spartan Stadium",127,"Michigan State","fbs","Big Ten",NA,NA,1460,NA,264,"Washington","fbs","Big Ten",NA,NA,1764,NA,NA,"",NA,NA
401869937,2026,11,"regular","2026-11-14T05:00:00.000Z",TRUE,FALSE,FALSE,TRUE,NA,3654,"Brooks Stadium (SC)",324,"Coastal Carolina","fbs","Sun Belt",NA,NA,1270,NA,2032,"Arkansas State","fbs","Sun Belt",NA,NA,1349,NA,NA,"",NA,NA
401858523,2026,11,"regular","2026-11-14T05:00:00.000Z",TRUE,FALSE,FALSE,TRUE,NA,3626,"Autzen Stadium",2483,"Oregon","fbs","Big Ten",NA,NA,1877,NA,130,"Michigan","fbs","Big Ten",NA,NA,1686,NA,NA,"",NA,NA
401856885,2026,11,"regular","2026-11-14T05:00:00.000Z",TRUE,FALSE,FALSE,TRUE,NA,3958,"Tiger Stadium (LA)",99,"LSU","fbs","SEC",NA,NA,1736,NA,251,"Texas","fbs","SEC",NA,NA,1921,NA,NA,"","FLEX: 3:30 - 4:30pm OR 6 - 8pm ET start",NA
401856884,2026,11,"regular","2026-11-14T05:00:00.000Z",TRUE,FALSE,FALSE,TRUE,NA,3683,"Kroger Field",96,"Kentucky","fbs","SEC",NA,NA,NA,NA,57,"Florida","fbs","SEC",NA,NA,1669,NA,NA,"","NIGHT: 6 - 8pm ET start",NA
401856883,2026,11,"regular","2026-11-14T05:00:00.000Z",TRUE,FALSE,FALSE,TRUE,NA,3917,"Sanford Stadium",61,"Georgia","fbs","SEC",NA,NA,NA,NA,142,"Missouri","fbs","SEC",NA,NA,NA,NA,NA,"","FLEX: 3:30 - 4:30pm OR 6 - 8pm ET start",NA
401856882,2026,11,"regular","2026-11-14T05:00:00.000Z",TRUE,FALSE,FALSE,TRUE,NA,3887,"Razorback Stadium",8,"Arkansas","fbs","SEC",NA,NA,NA,NA,2579,"South Carolina","fbs","SEC",NA,NA,1763,NA,NA,"","FLEX: 3:30 - 4:30pm OR 6 - 8pm ET start",NA
401856864,2026,11,"regular","2026-11-14T05:00:00.000Z",TRUE,FALSE,FALSE,TRUE,NA,3619,"Arizona Stadium",12,"Arizona","fbs","Big 12",NA,NA,NA,NA,254,"Utah","fbs","Big 12",NA,NA,NA,NA,NA,"",NA,NA
401856861,2026,11,"regular","2026-11-14T05:00:00.000Z",TRUE,FALSE,FALSE,TRUE,NA,3842,"Milan Puskar Stadium",277,"West Virginia","fbs","Big 12",NA,NA,1365,NA,2305,"Kansas","fbs","Big 12",NA,NA,NA,NA,NA,"",NA,NA
401858298,2026,11,"regular","2026-11-14T05:00:00.000Z",TRUE,FALSE,FALSE,TRUE,NA,3787,"Kenan Stadium",153,"North Carolina","fbs","ACC",NA,NA,1395,NA,97,"Louisville","fbs","ACC",NA,NA,NA,NA,NA,"",NA,NA
401858525,2026,11,"regular","2026-11-14T05:00:00.000Z",TRUE,FALSE,FALSE,TRUE,NA,6577,"SHI Stadium",164,"Rutgers","fbs","Big Ten",NA,NA,1408,NA,158,"Nebraska","fbs","Big Ten",NA,NA,1597,NA,NA,"",NA,NA
401858524,2026,11,"regular","2026-11-14T05:00:00.000Z",TRUE,FALSE,FALSE,TRUE,NA,3632,"Beaver Stadium",213,"Penn State","fbs","Big Ten",NA,NA,1905,NA,135,"Minnesota","fbs","Big Ten",NA,NA,NA,NA,NA,"",NA,NA
401856863,2026,11,"regular","2026-11-14T05:00:00.000Z",TRUE,FALSE,FALSE,TRUE,NA,3646,"Boone Pickens Stadium",197,"Oklahoma State","fbs","Big 12",NA,NA,1215,NA,2641,"Texas Tech","fbs","Big 12",NA,NA,NA,NA,NA,"",NA,NA
401856859,2026,11,"regular","2026-11-14T05:00:00.000Z",TRUE,FALSE,FALSE,TRUE,NA,3772,"Jack Trice Stadium",66,"Iowa State","fbs","Big 12",NA,NA,NA,NA,2132,"Cincinnati","fbs","Big 12",NA,NA,1516,NA,NA,"",NA,NA
401858300,2026,11,"regular","2026-11-14T05:00:00.000Z",TRUE,FALSE,FALSE,TRUE,NA,3670,"Carter-Finley Stadium",152,"NC State","fbs","ACC",NA,NA,1509,NA,183,"Syracuse","fbs","ACC",NA,NA,NA,NA,NA,"",NA,NA
401862827,2026,11,"regular","2026-11-14T05:00:00.000Z",TRUE,FALSE,FALSE,TRUE,NA,3604,"Alamodome",2636,"UTSA","fbs","American Athletic",NA,NA,1522,NA,249,"North Texas","fbs","American Athletic",NA,NA,1571,NA,NA,"",NA,NA
401869928,2026,11,"regular","2026-11-14T05:00:00.000Z",TRUE,FALSE,FALSE,TRUE,NA,3775,"Joan C. Edwards Stadium",276,"Marshall","fbs","Sun Belt",NA,NA,1375,NA,2026,"App State","fbs","Sun Belt",NA,NA,NA,NA,NA,"",NA,NA
401869952,2026,11,"regular","2026-11-14T05:00:00.000Z",TRUE,FALSE,FALSE,TRUE,NA,4246,"Center Parc Stadium",2247,"Georgia State","fbs","Sun Belt",NA,NA,NA,NA,290,"Georgia Southern","fbs","Sun Belt",NA,NA,NA,NA,NA,"",NA,NA
401856857,2026,11,"regular","2026-11-14T05:00:00.000Z",TRUE,FALSE,FALSE,TRUE,NA,3652,"FBC Mortgage Stadium",2116,"UCF","fbs","Big 12",NA,NA,NA,NA,9,"Arizona State","fbs","Big 12",NA,NA,NA,NA,NA,"",NA,NA
401862829,2026,11,"regular","2026-11-14T05:00:00.000Z",TRUE,FALSE,FALSE,TRUE,NA,3806,"Lincoln Financial Field",218,"Temple","fbs","American Athletic",NA,NA,NA,NA,5,"UAB","fbs","American Athletic",NA,NA,1409,NA,NA,"",NA,NA
401862826,2026,11,"regular","2026-11-14T05:00:00.000Z",TRUE,FALSE,FALSE,TRUE,NA,3674,"Chapman Stadium",202,"Tulsa","fbs","American Athletic",NA,NA,1265,NA,2226,"Florida Atlantic","fbs","American Athletic",NA,NA,1178,NA,NA,"",NA,NA
401856886,2026,11,"regular","2026-11-14T05:00:00.000Z",TRUE,FALSE,FALSE,TRUE,NA,3693,"Davis Wade Stadium",344,"Mississippi State","fbs","SEC",NA,NA,1597,NA,2,"Auburn","fbs","SEC",NA,NA,1610,NA,NA,"","EARLY: Noon - 1pm ET start",NA
401862828,2026,11,"regular","2026-11-14T05:00:00.000Z",TRUE,FALSE,FALSE,TRUE,NA,3895,"Rice Stadium",242,"Rice","fbs","American Athletic",NA,NA,NA,NA,2655,"Tulane","fbs","American Athletic",NA,NA,1531,NA,NA,"",NA,NA
401862825,2026,11,"regular","2026-11-14T05:00:00.000Z",TRUE,FALSE,FALSE,TRUE,NA,4418,"Jerry Richardson Stadium",2429,"Charlotte","fbs","American Athletic",NA,NA,NA,NA,151,"East Carolina","fbs","American Athletic",NA,NA,1471,NA,NA,"",NA,NA
401858522,2026,11,"regular","2026-11-14T05:00:00.000Z",TRUE,FALSE,FALSE,TRUE,NA,3861,"Ohio Stadium",194,"Ohio State","fbs","Big Ten",NA,NA,2022,NA,77,"Northwestern","fbs","Big Ten",NA,NA,NA,NA,NA,"",NA,NA
401858519,2026,11,"regular","2026-11-14T05:00:00.000Z",TRUE,FALSE,FALSE,TRUE,NA,3793,"Kinnick Stadium",2294,"Iowa","fbs","Big Ten",NA,NA,1868,NA,2509,"Purdue","fbs","Big Ten",NA,NA,NA,NA,NA,"",NA,NA
401858520,2026,11,"regular","2026-11-14T05:00:00.000Z",TRUE,FALSE,FALSE,TRUE,NA,3665,"SECU Stadium",120,"Maryland","fbs","Big Ten",NA,NA,NA,NA,275,"Wisconsin","fbs","Big Ten",NA,NA,1455,NA,NA,"",NA,NA
401858518,2026,11,"regular","2026-11-14T05:00:00.000Z",TRUE,FALSE,FALSE,TRUE,NA,3830,"Memorial Stadium (Bloomington, IN)",84,"Indiana","fbs","Big Ten",NA,NA,2132,NA,30,"USC","fbs","Big Ten",NA,NA,1763,NA,NA,"",NA,NA
401858301,2026,11,"regular","2026-11-14T05:00:00.000Z",TRUE,FALSE,FALSE,TRUE,NA,3735,"Gerald J. Ford Stadium",2567,"SMU","fbs","ACC",NA,NA,NA,NA,154,"Wake Forest","fbs","ACC",NA,NA,1540,NA,NA,"",NA,NA
401858297,2026,11,"regular","2026-11-14T05:00:00.000Z",TRUE,FALSE,FALSE,TRUE,NA,3836,"Memorial Stadium (Clemson, SC)",228,"Clemson","fbs","ACC",NA,NA,1550,NA,59,"Georgia Tech","fbs","ACC",NA,NA,1555,NA,NA,"",NA,NA
401858295,2026,11,"regular","2026-11-14T05:00:00.000Z",TRUE,FALSE,FALSE,TRUE,NA,3923,"Scott Stadium",258,"Virginia","fbs","ACC",NA,NA,1652,NA,25,"California","fbs","ACC",NA,NA,1346,NA,NA,"",NA,NA
401858296,2026,11,"regular","2026-11-14T05:00:00.000Z",TRUE,FALSE,FALSE,TRUE,NA,3948,"Hard Rock Stadium",2390,"Miami","fbs","ACC",NA,NA,1930,NA,150,"Duke","fbs","ACC",NA,NA,1605,NA,NA,"",NA,NA
401858299,2026,11,"regular","2026-11-14T05:00:00.000Z",TRUE,FALSE,FALSE,TRUE,NA,3799,"Lane Stadium",259,"Virginia Tech","fbs","ACC",NA,NA,NA,NA,24,"Stanford","fbs","ACC",NA,NA,1408,NA,NA,"",NA,NA
401856889,2026,11,"regular","2026-11-14T05:00:00.000Z",TRUE,FALSE,FALSE,TRUE,NA,3973,"FirstBank Stadium",238,"Vanderbilt","fbs","SEC",NA,NA,NA,NA,333,"Alabama","fbs","SEC",NA,NA,1829,NA,NA,"","EARLY: Noon - 1pm ET start",NA
401856888,2026,11,"regular","2026-11-14T05:00:00.000Z",TRUE,FALSE,FALSE,TRUE,NA,3795,"Kyle Field",245,"Texas A&M","fbs","SEC",NA,NA,1865,NA,2633,"Tennessee","fbs","SEC",NA,NA,NA,NA,NA,"","FLEX: 3:30 - 4:30pm OR 6 - 8pm ET start",NA
401871099,2026,11,"regular","2026-11-14T05:00:00.000Z",TRUE,FALSE,FALSE,TRUE,NA,3776,"Joe Aillet Stadium",2348,"Louisiana Tech","fbs","Sun Belt",NA,NA,NA,NA,2572,"Southern Miss","fbs","Sun Belt",NA,NA,NA,NA,NA,"",NA,NA
401871100,2026,11,"regular","2026-11-14T05:00:00.000Z",TRUE,FALSE,FALSE,TRUE,NA,6526,"Hancock Whitney Stadium",6,"South Alabama","fbs","Sun Belt",NA,NA,NA,NA,2653,"Troy","fbs","Sun Belt",NA,NA,1416,NA,NA,"",NA,NA
401856858,2026,11,"regular","2026-11-14T05:00:00.000Z",TRUE,FALSE,FALSE,TRUE,NA,3801,"LaVell Edwards Stadium",252,"BYU","fbs","Big 12",NA,NA,NA,NA,239,"Baylor","fbs","Big 12",NA,NA,1509,NA,NA,"",NA,NA
401864540,2026,11,"regular","2026-11-14T05:00:00.000Z",TRUE,FALSE,FALSE,TRUE,NA,3946,"Sun Bowl",2638,"UTEP","fbs","Mountain West",NA,NA,1143,NA,2751,"Wyoming","fbs","Mountain West",NA,NA,1309,NA,NA,"",NA,NA
401864536,2026,11,"regular","2026-11-14T05:00:00.000Z",TRUE,FALSE,FALSE,TRUE,NA,3764,"Huskie Stadium",2459,"Northern Illinois","fbs","Mountain West",NA,NA,1245,NA,2440,"Nevada","fbs","Mountain West",NA,NA,1451,NA,NA,"",NA,NA
401856887,2026,11,"regular","2026-11-14T05:00:00.000Z",TRUE,FALSE,FALSE,TRUE,NA,3835,"Memorial Stadium (Norman, OK)",201,"Oklahoma","fbs","SEC",NA,NA,1819,NA,145,"Ole Miss","fbs","SEC",NA,NA,NA,NA,NA,"","AFTERNOON: 3:30 - 4:30pm ET start",NA
401861967,2026,11,"regular","2026-11-14T17:00:00.000Z",FALSE,FALSE,FALSE,FALSE,NA,3892,"Pratt & Whitney Stadium",41,"UConn","fbs","FBS Independents",NA,NA,NA,NA,256,"James Madison","fbs","Sun Belt",NA,NA,1776,NA,NA,"",NA,NA
401870769,2026,11,"regular","2026-11-14T19:00:00.000Z",FALSE,FALSE,FALSE,TRUE,NA,3647,"Elliott T. Bowers Stadium",2534,"Sam Houston","fbs","Conference USA",NA,NA,1168,NA,338,"Kennesaw State","fbs","Conference USA",NA,NA,NA,NA,NA,"",NA,NA
401871060,2026,11,"regular","2026-11-14T20:00:00.000Z",FALSE,FALSE,FALSE,TRUE,NA,3695,"Delaware Stadium",48,"Delaware","fbs","Conference USA",NA,NA,NA,NA,2229,"Florida International","fbs","Conference USA",NA,NA,1378,NA,NA,"",NA,NA
401870796,2026,11,"regular","2026-11-14T20:00:00.000Z",FALSE,FALSE,FALSE,TRUE,NA,3878,"Plaster Sports Complex",2623,"Missouri State","fbs","Conference USA",NA,NA,1268,NA,166,"New Mexico State","fbs","Conference USA",NA,NA,1259,NA,NA,"",NA,NA
401870752,2026,11,"regular","2026-11-14T20:30:00.000Z",FALSE,FALSE,FALSE,TRUE,NA,3796,"Houchens Industries-L.T. Smith Stadium",98,"Western Kentucky","fbs","Conference USA",NA,NA,1338,NA,55,"Jacksonville State","fbs","Conference USA",NA,NA,1432,NA,NA,"",NA,NA
401858294,2026,11,"regular","2026-11-14T20:30:00.000Z",FALSE,FALSE,FALSE,FALSE,NA,3855,"Notre Dame Stadium",87,"Notre Dame","fbs","FBS Independents",NA,NA,2041,NA,103,"Boston College","fbs","ACC",NA,NA,1370,NA,NA,"",NA,NA
401871061,2026,11,"regular","2026-11-14T20:30:00.000Z",FALSE,FALSE,FALSE,TRUE,NA,3992,"Williams Stadium (VA)",2335,"Liberty","fbs","Conference USA",NA,NA,1697,NA,2393,"Middle Tennessee","fbs","Conference USA",NA,NA,NA,NA,NA,"",NA,NA
401860916,2026,11,"regular","2026-11-14T21:00:00.000Z",FALSE,FALSE,FALSE,TRUE,NA,3644,"Bobcat Stadium (TX)",326,"Texas State","fbs","Pac-12",NA,NA,1433,NA,278,"Fresno State","fbs","Pac-12",NA,NA,1442,NA,NA,"",NA,NA
401860914,2026,11,"regular","2026-11-14T23:00:00.000Z",FALSE,FALSE,FALSE,TRUE,NA,3653,"Albertsons Stadium",68,"Boise State","fbs","Pac-12",NA,NA,1565,NA,204,"Oregon State","fbs","Pac-12",NA,NA,1253,NA,NA,"",NA,NA
401864538,2026,11,"regular","2026-11-15T00:00:00.000Z",FALSE,FALSE,FALSE,TRUE,NA,3713,"Falcon Stadium",2005,"Air Force","fbs","Mountain West",NA,NA,NA,NA,23,"San José State","fbs","Mountain West",NA,NA,1407,NA,NA,"",NA,NA
401864539,2026,11,"regular","2026-11-15T00:30:00.000Z",FALSE,FALSE,FALSE,TRUE,NA,3971,"University Stadium (NM)",167,"New Mexico","fbs","Mountain West",NA,NA,1564,NA,2439,"UNLV","fbs","Mountain West",NA,NA,1599,NA,NA,"",NA,NA
401860915,2026,11,"regular","2026-11-15T02:30:00.000Z",FALSE,FALSE,FALSE,TRUE,NA,7311,"Snapdragon Stadium",21,"San Diego State","fbs","Pac-12",NA,NA,NA,NA,328,"Utah State","fbs","Pac-12",NA,NA,1376,NA,NA,"",NA,NA
401860917,2026,11,"regular","2026-11-15T03:30:00.000Z",FALSE,FALSE,FALSE,TRUE,NA,3820,"Gesa Field",265,"Washington State","fbs","Pac-12",NA,NA,1599,NA,36,"Colorado State","fbs","Pac-12",NA,NA,1327,NA,NA,"",NA,NA
401864537,2026,11,"regular","2026-11-15T04:59:00.000Z",FALSE,FALSE,FALSE,TRUE,NA,7220,"Clarence T.C. Ching Athletics Complex",62,"Hawai'i","fbs","Mountain West",NA,NA,1421,NA,2449,"North Dakota State","fbs","Mountain West",NA,NA,1562,NA,NA,"",NA,NA
401866464,2026,12,"regular","2026-11-18T00:00:00.000Z",FALSE,FALSE,FALSE,TRUE,NA,3876,"Peden Stadium",195,"Ohio","fbs","Mid-American",NA,NA,1313,NA,2050,"Ball State","fbs","Mid-American",NA,NA,1076,NA,NA,"",NA,NA
401866465,2026,12,"regular","2026-11-18T00:00:00.000Z",FALSE,FALSE,FALSE,TRUE,NA,3980,"Waldo Stadium",2711,"Western Michigan","fbs","Mid-American",NA,NA,1534,NA,2199,"Eastern Michigan","fbs","Mid-American",NA,NA,1338,NA,NA,"",NA,NA
401866466,2026,12,"regular","2026-11-18T00:00:00.000Z",FALSE,FALSE,FALSE,TRUE,NA,3696,"Dix Stadium",2309,"Kent State","fbs","Mid-American",NA,NA,1035,NA,193,"Miami (OH)","fbs","Mid-American",NA,NA,1252,NA,NA,"",NA,NA
401866469,2026,12,"regular","2026-11-18T05:00:00.000Z",TRUE,FALSE,FALSE,TRUE,NA,3965,"UB Stadium",2084,"Buffalo","fbs","Mid-American",NA,NA,NA,NA,2117,"Central Michigan","fbs","Mid-American",NA,NA,1253,NA,NA,"",NA,NA
401866467,2026,12,"regular","2026-11-18T05:00:00.000Z",TRUE,FALSE,FALSE,TRUE,NA,3985,"Warren McGuirk Alumni Stadium",113,"Massachusetts","fbs","Mid-American",NA,NA,1049,NA,2006,"Akron","fbs","Mid-American",NA,NA,905,NA,NA,"",NA,NA
401862830,2026,12,"regular","2026-11-20T00:30:00.000Z",FALSE,FALSE,FALSE,TRUE,NA,3806,"Lincoln Financial Field",218,"Temple","fbs","American Athletic",NA,NA,NA,NA,242,"Rice","fbs","American Athletic",NA,NA,NA,NA,NA,"",NA,NA
401856869,2026,12,"regular","2026-11-20T23:00:00.000Z",FALSE,FALSE,FALSE,TRUE,NA,3652,"FBC Mortgage Stadium",2116,"UCF","fbs","Big 12",NA,NA,NA,NA,66,"Iowa State","fbs","Big 12",NA,NA,NA,NA,NA,"",NA,NA
401866468,2026,12,"regular","2026-11-21T00:30:00.000Z",FALSE,FALSE,FALSE,TRUE,NA,3739,"Glass Bowl",2649,"Toledo","fbs","Mid-American",NA,NA,1576,NA,189,"Bowling Green","fbs","Mid-American",NA,NA,NA,NA,NA,"",NA,NA
401858303,2026,12,"regular","2026-11-21T00:30:00.000Z",FALSE,FALSE,FALSE,TRUE,NA,3982,"Wallace Wade Stadium",150,"Duke","fbs","ACC",NA,NA,1605,NA,228,"Clemson","fbs","ACC",NA,NA,1550,NA,NA,"",NA,NA
401864545,2026,12,"regular","2026-11-21T01:00:00.000Z",FALSE,FALSE,FALSE,TRUE,NA,3713,"Falcon Stadium",2005,"Air Force","fbs","Mountain West",NA,NA,NA,NA,2638,"UTEP","fbs","Mountain West",NA,NA,1143,NA,NA,"",NA,NA
401858529,2026,12,"regular","2026-11-21T01:00:00.000Z",FALSE,FALSE,FALSE,TRUE,NA,3936,"Spartan Stadium",127,"Michigan State","fbs","Big Ten",NA,NA,1460,NA,2483,"Oregon","fbs","Big Ten",NA,NA,1877,NA,NA,"",NA,NA
401858534,2026,12,"regular","2026-11-21T05:00:00.000Z",TRUE,FALSE,FALSE,TRUE,NA,477,"Los Angeles Memorial Coliseum",30,"USC","fbs","Big Ten",NA,NA,1763,NA,120,"Maryland","fbs","Big Ten",NA,NA,NA,NA,NA,"",NA,NA
401856755,2026,12,"regular","2026-11-21T05:00:00.000Z",TRUE,FALSE,FALSE,TRUE,NA,3910,"DKR-Texas Memorial Stadium",251,"Texas","fbs","SEC",NA,NA,1921,NA,8,"Arkansas","fbs","SEC",NA,NA,NA,NA,NA,"","AFTERNOON: 3:30 - 4:30pm ET start",NA
401862836,2026,12,"regular","2026-11-21T05:00:00.000Z",TRUE,FALSE,FALSE,TRUE,NA,7221,"Protective Stadium",5,"UAB","fbs","American Athletic",NA,NA,1409,NA,2636,"UTSA","fbs","American Athletic",NA,NA,1522,NA,NA,"",NA,NA
401858535,2026,12,"regular","2026-11-21T05:00:00.000Z",TRUE,FALSE,FALSE,TRUE,NA,3765,"Husky Stadium",264,"Washington","fbs","Big Ten",NA,NA,1764,NA,84,"Indiana","fbs","Big Ten",NA,NA,2132,NA,NA,"",NA,NA
401858532,2026,12,"regular","2026-11-21T05:00:00.000Z",TRUE,FALSE,FALSE,TRUE,NA,3632,"Beaver Stadium",213,"Penn State","fbs","Big Ten",NA,NA,1905,NA,164,"Rutgers","fbs","Big Ten",NA,NA,1408,NA,NA,"",NA,NA
401869958,2026,12,"regular","2026-11-21T05:00:00.000Z",TRUE,FALSE,FALSE,TRUE,NA,3775,"Joan C. Edwards Stadium",276,"Marshall","fbs","Sun Belt",NA,NA,1375,NA,2247,"Georgia State","fbs","Sun Belt",NA,NA,NA,NA,NA,"",NA,NA
401869953,2026,12,"regular","2026-11-21T05:00:00.000Z",TRUE,FALSE,FALSE,TRUE,NA,3975,"Veterans Memorial Stadium (AL)",2653,"Troy","fbs","Sun Belt",NA,NA,1416,NA,290,"Georgia Southern","fbs","Sun Belt",NA,NA,NA,NA,NA,"",NA,NA
401869946,2026,12,"regular","2026-11-21T05:00:00.000Z",TRUE,FALSE,FALSE,TRUE,NA,3666,"Cajun Field",309,"Louisiana","fbs","Sun Belt",NA,NA,NA,NA,324,"Coastal Carolina","fbs","Sun Belt",NA,NA,1270,NA,NA,"",NA,NA
401858531,2026,12,"regular","2026-11-21T05:00:00.000Z",TRUE,FALSE,FALSE,TRUE,NA,3834,"Memorial Stadium (Lincoln, NE)",158,"Nebraska","fbs","Big Ten",NA,NA,1597,NA,194,"Ohio State","fbs","Big Ten",NA,NA,2022,NA,NA,"",NA,NA
401869929,2026,12,"regular","2026-11-21T05:00:00.000Z",TRUE,FALSE,FALSE,TRUE,NA,3792,"Kidd Brewer Stadium",2026,"App State","fbs","Sun Belt",NA,NA,NA,NA,2433,"UL Monroe","fbs","Sun Belt",NA,NA,1058,NA,NA,"",NA,NA
401869938,2026,12,"regular","2026-11-21T05:00:00.000Z",TRUE,FALSE,FALSE,TRUE,NA,3776,"Joe Aillet Stadium",2348,"Louisiana Tech","fbs","Sun Belt",NA,NA,NA,NA,2032,"Arkansas State","fbs","Sun Belt",NA,NA,1349,NA,NA,"",NA,NA
401858302,2026,12,"regular","2026-11-21T05:00:00.000Z",TRUE,FALSE,FALSE,TRUE,NA,3948,"Hard Rock Stadium",2390,"Miami","fbs","ACC",NA,NA,1930,NA,259,"Virginia Tech","fbs","ACC",NA,NA,NA,NA,NA,"",NA,NA
401858533,2026,12,"regular","2026-11-21T05:00:00.000Z",TRUE,FALSE,FALSE,TRUE,NA,3907,"Ross-Ade Stadium",2509,"Purdue","fbs","Big Ten",NA,NA,NA,NA,275,"Wisconsin","fbs","Big Ten",NA,NA,1455,NA,NA,"",NA,NA
401871101,2026,12,"regular","2026-11-21T05:00:00.000Z",TRUE,FALSE,FALSE,TRUE,NA,3815,"M. M. Roberts Stadium",2572,"Southern Miss","fbs","Sun Belt",NA,NA,NA,NA,6,"South Alabama","fbs","Sun Belt",NA,NA,NA,NA,NA,"",NA,NA
401856748,2026,12,"regular","2026-11-21T05:00:00.000Z",TRUE,FALSE,FALSE,TRUE,NA,3634,"Ben Hill Griffin Stadium",57,"Florida","fbs","SEC",NA,NA,1669,NA,238,"Vanderbilt","fbs","SEC",NA,NA,NA,NA,NA,"","EARLY: Noon - 1pm ET start",NA
401856751,2026,12,"regular","2026-11-21T05:00:00.000Z",TRUE,FALSE,FALSE,TRUE,NA,3838,"Memorial Stadium",142,"Missouri","fbs","SEC",NA,NA,NA,NA,96,"Kentucky","fbs","SEC",NA,NA,NA,NA,NA,"","NIGHT: 6 - 8pm ET start",NA
401858304,2026,12,"regular","2026-11-21T05:00:00.000Z",TRUE,FALSE,FALSE,TRUE,NA,3697,"Doak Campbell Stadium",52,"Florida State","fbs","ACC",NA,NA,1559,NA,152,"NC State","fbs","ACC",NA,NA,1509,NA,NA,"",NA,NA
401864541,2026,12,"regular","2026-11-21T05:00:00.000Z",TRUE,FALSE,FALSE,TRUE,NA,3816,"Mackay Stadium",2440,"Nevada","fbs","Mountain West",NA,NA,1451,NA,62,"Hawai'i","fbs","Mountain West",NA,NA,1421,NA,NA,"",NA,NA
401856753,2026,12,"regular","2026-11-21T05:00:00.000Z",TRUE,FALSE,FALSE,TRUE,NA,3994,"Williams-Brice Stadium",2579,"South Carolina","fbs","SEC",NA,NA,1763,NA,61,"Georgia","fbs","SEC",NA,NA,NA,NA,NA,"","FLEX: 3:30 - 4:30pm OR 6 - 8pm ET start",NA
401862833,2026,12,"regular","2026-11-21T05:00:00.000Z",TRUE,FALSE,FALSE,TRUE,NA,3715,"FAU Stadium",2226,"Florida Atlantic","fbs","American Athletic",NA,NA,1178,NA,58,"South Florida","fbs","American Athletic",NA,NA,1686,NA,NA,"",NA,NA
401862835,2026,12,"regular","2026-11-21T05:00:00.000Z",TRUE,FALSE,FALSE,TRUE,NA,4729,"Yulman Stadium",2655,"Tulane","fbs","American Athletic",NA,NA,1531,NA,249,"North Texas","fbs","American Athletic",NA,NA,1571,NA,NA,"",NA,NA
401856872,2026,12,"regular","2026-11-21T05:00:00.000Z",TRUE,FALSE,FALSE,TRUE,NA,3616,"Amon G. Carter Stadium",2628,"TCU","fbs","Big 12",NA,NA,1598,NA,254,"Utah","fbs","Big 12",NA,NA,NA,NA,NA,"",NA,NA
401862832,2026,12,"regular","2026-11-21T05:00:00.000Z",TRUE,FALSE,FALSE,TRUE,NA,3674,"Chapman Stadium",202,"Tulsa","fbs","American Athletic",NA,NA,1265,NA,2429,"Charlotte","fbs","American Athletic",NA,NA,NA,NA,NA,"",NA,NA
401858310,2026,12,"regular","2026-11-21T05:00:00.000Z",TRUE,FALSE,FALSE,TRUE,NA,721,"Bobby Dodd Stadium",59,"Georgia Tech","fbs","ACC",NA,NA,1555,NA,154,"Wake Forest","fbs","ACC",NA,NA,1540,NA,NA,"",NA,NA
401858527,2026,12,"regular","2026-11-21T05:00:00.000Z",TRUE,FALSE,FALSE,TRUE,NA,3832,"Memorial Stadium (Champaign, IL)",356,"Illinois","fbs","Big Ten",NA,NA,1597,NA,2294,"Iowa","fbs","Big Ten",NA,NA,1868,NA,NA,"",NA,NA
401858528,2026,12,"regular","2026-11-21T05:00:00.000Z",TRUE,FALSE,FALSE,TRUE,NA,3558,"Michigan Stadium",130,"Michigan","fbs","Big Ten",NA,NA,1686,NA,26,"UCLA","fbs","Big Ten",NA,NA,1441,NA,NA,"",NA,NA
401858308,2026,12,"regular","2026-11-21T05:00:00.000Z",TRUE,FALSE,FALSE,TRUE,NA,3831,"California Memorial Stadium",25,"California","fbs","ACC",NA,NA,1346,NA,24,"Stanford","fbs","ACC",NA,NA,1408,NA,NA,"",NA,NA
401856752,2026,12,"regular","2026-11-21T05:00:00.000Z",TRUE,FALSE,FALSE,TRUE,NA,3835,"Memorial Stadium (Norman, OK)",201,"Oklahoma","fbs","SEC",NA,NA,1819,NA,245,"Texas A&M","fbs","SEC",NA,NA,1865,NA,NA,"","EARLY: Noon - 1pm ET start",NA
401858309,2026,12,"regular","2026-11-21T05:00:00.000Z",TRUE,FALSE,FALSE,TRUE,NA,3615,"Alumni Stadium (Chestnut Hill, MA)",103,"Boston College","fbs","ACC",NA,NA,1370,NA,183,"Syracuse","fbs","ACC",NA,NA,NA,NA,NA,"",NA,NA
401858305,2026,12,"regular","2026-11-21T05:00:00.000Z",TRUE,FALSE,FALSE,TRUE,NA,3923,"Scott Stadium",258,"Virginia","fbs","ACC",NA,NA,1652,NA,153,"North Carolina","fbs","ACC",NA,NA,1395,NA,NA,"",NA,NA
401858306,2026,12,"regular","2026-11-21T05:00:00.000Z",TRUE,FALSE,FALSE,TRUE,NA,3873,"L&N Federal Credit Union Stadium",97,"Louisville","fbs","ACC",NA,NA,NA,NA,221,"Pittsburgh","fbs","ACC",NA,NA,1688,NA,NA,"",NA,NA
401856754,2026,12,"regular","2026-11-21T05:00:00.000Z",TRUE,FALSE,FALSE,TRUE,NA,3853,"Neyland Stadium",2633,"Tennessee","fbs","SEC",NA,NA,NA,NA,99,"LSU","fbs","SEC",NA,NA,1736,NA,NA,"","FLEX: 3:30 - 4:30pm OR 6 - 8pm ET start",NA
401856865,2026,12,"regular","2026-11-21T05:00:00.000Z",TRUE,FALSE,FALSE,TRUE,NA,3636,"Bill Snyder Family Stadium",2306,"Kansas State","fbs","Big 12",NA,NA,NA,NA,12,"Arizona","fbs","Big 12",NA,NA,NA,NA,NA,"",NA,NA
401856866,2026,12,"regular","2026-11-21T05:00:00.000Z",TRUE,FALSE,FALSE,TRUE,NA,3833,"Memorial Stadium",2305,"Kansas","fbs","Big 12",NA,NA,NA,NA,252,"BYU","fbs","Big 12",NA,NA,NA,NA,NA,"",NA,NA
401856868,2026,12,"regular","2026-11-21T05:00:00.000Z",TRUE,FALSE,FALSE,TRUE,NA,3842,"Milan Puskar Stadium",277,"West Virginia","fbs","Big 12",NA,NA,1365,NA,248,"Houston","fbs","Big 12",NA,NA,1521,NA,NA,"",NA,NA
401856867,2026,12,"regular","2026-11-21T05:00:00.000Z",TRUE,FALSE,FALSE,TRUE,NA,3854,"Nippert Stadium",2132,"Cincinnati","fbs","Big 12",NA,NA,1516,NA,38,"Colorado","fbs","Big 12",NA,NA,1404,NA,NA,"",NA,NA
401858530,2026,12,"regular","2026-11-21T05:00:00.000Z",TRUE,FALSE,FALSE,TRUE,NA,3953,"Huntington Bank Stadium",135,"Minnesota","fbs","Big Ten",NA,NA,NA,NA,77,"Northwestern","fbs","Big Ten",NA,NA,NA,NA,NA,"",NA,NA
401856870,2026,12,"regular","2026-11-21T05:00:00.000Z",TRUE,FALSE,FALSE,TRUE,NA,3947,"Mountain America Stadium",9,"Arizona State","fbs","Big 12",NA,NA,NA,NA,197,"Oklahoma State","fbs","Big 12",NA,NA,1215,NA,NA,"",NA,NA
401856871,2026,12,"regular","2026-11-21T05:00:00.000Z",TRUE,FALSE,FALSE,TRUE,NA,4727,"McLane Stadium",239,"Baylor","fbs","Big 12",NA,NA,1509,NA,2641,"Texas Tech","fbs","Big 12",NA,NA,NA,NA,NA,"",NA,NA
401862834,2026,12,"regular","2026-11-21T17:00:00.000Z",FALSE,FALSE,FALSE,TRUE,NA,3852,"Navy-Marine Corps Memorial Stadium",2426,"Navy","fbs","American Athletic",NA,NA,NA,NA,235,"Memphis","fbs","American Athletic",NA,NA,1570,NA,NA,"",NA,NA
401856749,2026,12,"regular","2026-11-21T17:00:00.000Z",FALSE,FALSE,FALSE,FALSE,NA,3974,"Vaught-Hemingway Stadium",145,"Ole Miss","fbs","SEC",NA,NA,NA,NA,2747,"Wofford","fcs","Southern",NA,NA,NA,NA,NA,"",NA,NA
401862831,2026,12,"regular","2026-11-21T17:00:00.000Z",FALSE,FALSE,FALSE,TRUE,NA,3841,"Michie Stadium",349,"Army","fbs","American Athletic",NA,NA,1527,NA,151,"East Carolina","fbs","American Athletic",NA,NA,1471,NA,NA,"",NA,NA
401871080,2026,12,"regular","2026-11-21T18:00:00.000Z",FALSE,FALSE,FALSE,TRUE,NA,3992,"Williams Stadium (VA)",2335,"Liberty","fbs","Conference USA",NA,NA,1697,NA,98,"Western Kentucky","fbs","Conference USA",NA,NA,1338,NA,NA,"",NA,NA
401856750,2026,12,"regular","2026-11-21T18:00:00.000Z",FALSE,FALSE,FALSE,FALSE,NA,3693,"Davis Wade Stadium",344,"Mississippi State","fbs","SEC",NA,NA,1597,NA,2635,"Tennessee Tech","fcs","Southern",NA,NA,NA,NA,NA,"",NA,NA
401871081,2026,12,"regular","2026-11-21T19:00:00.000Z",FALSE,FALSE,FALSE,TRUE,NA,3647,"Elliott T. Bowers Stadium",2534,"Sam Houston","fbs","Conference USA",NA,NA,1168,NA,2393,"Middle Tennessee","fbs","Conference USA",NA,NA,NA,NA,NA,"",NA,NA
401871079,2026,12,"regular","2026-11-21T19:00:00.000Z",FALSE,FALSE,FALSE,TRUE,NA,3662,"AmFirst Stadium",55,"Jacksonville State","fbs","Conference USA",NA,NA,1432,NA,2623,"Missouri State","fbs","Conference USA",NA,NA,1268,NA,NA,"",NA,NA
401856746,2026,12,"regular","2026-11-21T19:00:00.000Z",FALSE,FALSE,FALSE,FALSE,NA,3657,"Bryant-Denny Stadium",333,"Alabama","fbs","SEC",NA,NA,1829,NA,236,"Chattanooga","fcs","Southern",NA,NA,NA,NA,NA,"",NA,NA
401871077,2026,12,"regular","2026-11-21T20:00:00.000Z",FALSE,FALSE,FALSE,TRUE,NA,3601,"Aggie Memorial Stadium",166,"New Mexico State","fbs","Conference USA",NA,NA,1259,NA,48,"Delaware","fbs","Conference USA",NA,NA,NA,NA,NA,"",NA,NA
401871078,2026,12,"regular","2026-11-21T20:00:00.000Z",FALSE,FALSE,FALSE,TRUE,NA,4899,"Fifth Third Stadium",338,"Kennesaw State","fbs","Conference USA",NA,NA,NA,NA,2229,"Florida International","fbs","Conference USA",NA,NA,1378,NA,NA,"",NA,NA
401861968,2026,12,"regular","2026-11-21T20:30:00.000Z",FALSE,FALSE,FALSE,FALSE,NA,3892,"Pratt & Whitney Stadium",41,"UConn","fbs","FBS Independents",NA,NA,NA,NA,295,"Old Dominion","fbs","Sun Belt",NA,NA,1336,NA,NA,"",NA,NA
401856747,2026,12,"regular","2026-11-21T20:30:00.000Z",FALSE,FALSE,FALSE,FALSE,NA,3785,"Jordan-Hare Stadium",2,"Auburn","fbs","SEC",NA,NA,1610,NA,2535,"Samford","fcs","Southern",NA,NA,NA,NA,NA,"",NA,NA
401864543,2026,12,"regular","2026-11-21T21:00:00.000Z",FALSE,FALSE,FALSE,TRUE,NA,3714,"Fargodome",2449,"North Dakota State","fbs","Mountain West",NA,NA,1562,NA,2459,"Northern Illinois","fbs","Mountain West",NA,NA,1245,NA,NA,"",NA,NA
401860920,2026,12,"regular","2026-11-21T23:00:00.000Z",FALSE,FALSE,FALSE,TRUE,NA,3644,"Bobcat Stadium (TX)",326,"Texas State","fbs","Pac-12",NA,NA,1433,NA,265,"Washington State","fbs","Pac-12",NA,NA,1599,NA,NA,"",NA,NA
401864544,2026,12,"regular","2026-11-22T00:00:00.000Z",FALSE,FALSE,FALSE,TRUE,NA,3935,"CEFCU Stadium",23,"San José State","fbs","Mountain West",NA,NA,1407,NA,2439,"UNLV","fbs","Mountain West",NA,NA,1599,NA,NA,"",NA,NA
401858307,2026,12,"regular","2026-11-22T00:30:00.000Z",FALSE,FALSE,FALSE,FALSE,NA,3855,"Notre Dame Stadium",87,"Notre Dame","fbs","FBS Independents",NA,NA,2041,NA,2567,"SMU","fbs","ACC",NA,NA,NA,NA,NA,"",NA,NA
401860918,2026,12,"regular","2026-11-22T00:30:00.000Z",FALSE,FALSE,FALSE,TRUE,NA,3660,"Valley Children's Stadium",278,"Fresno State","fbs","Pac-12",NA,NA,1442,NA,36,"Colorado State","fbs","Pac-12",NA,NA,1327,NA,NA,"",NA,NA
401864542,2026,12,"regular","2026-11-22T02:00:00.000Z",FALSE,FALSE,FALSE,TRUE,NA,3984,"War Memorial Stadium",2751,"Wyoming","fbs","Mountain West",NA,NA,1309,NA,167,"New Mexico","fbs","Mountain West",NA,NA,1564,NA,NA,"",NA,NA
401860925,2026,12,"regular","2026-11-22T02:30:00.000Z",FALSE,FALSE,FALSE,TRUE,NA,3653,"Albertsons Stadium",68,"Boise State","fbs","Pac-12",NA,NA,1565,NA,21,"San Diego State","fbs","Pac-12",NA,NA,NA,NA,NA,"",NA,NA
401860919,2026,12,"regular","2026-11-22T03:30:00.000Z",FALSE,FALSE,FALSE,TRUE,NA,3893,"Reser Stadium",204,"Oregon State","fbs","Pac-12",NA,NA,1253,NA,328,"Utah State","fbs","Pac-12",NA,NA,1376,NA,NA,"",NA,NA
401866471,2026,13,"regular","2026-11-24T05:00:00.000Z",TRUE,FALSE,FALSE,TRUE,NA,3980,"Waldo Stadium",2711,"Western Michigan","fbs","Mid-American",NA,NA,1534,NA,193,"Miami (OH)","fbs","Mid-American",NA,NA,1252,NA,NA,"",NA,NA
401866470,2026,13,"regular","2026-11-25T00:00:00.000Z",FALSE,FALSE,FALSE,TRUE,NA,3912,"Rynearson Stadium",2199,"Eastern Michigan","fbs","Mid-American",NA,NA,1338,NA,2309,"Kent State","fbs","Mid-American",NA,NA,1035,NA,NA,"",NA,NA
401856879,2026,13,"regular","2026-11-27T01:00:00.000Z",FALSE,FALSE,FALSE,TRUE,NA,3784,"Jones AT&T Stadium",2641,"Texas Tech","fbs","Big 12",NA,NA,NA,NA,2628,"TCU","fbs","Big 12",NA,NA,1598,NA,NA,"",NA,NA
401862839,2026,13,"regular","2026-11-27T05:00:00.000Z",TRUE,FALSE,FALSE,TRUE,NA,3886,"Raymond James Stadium",58,"South Florida","fbs","American Athletic",NA,NA,1686,NA,2655,"Tulane","fbs","American Athletic",NA,NA,1531,NA,NA,"","Will be played Nov. 27 or Nov. 28",NA
401862838,2026,13,"regular","2026-11-27T05:00:00.000Z",TRUE,FALSE,FALSE,TRUE,NA,3805,"Simmons Bank Liberty Stadium",235,"Memphis","fbs","American Athletic",NA,NA,1570,NA,218,"Temple","fbs","American Athletic",NA,NA,NA,NA,NA,"",NA,NA
401862837,2026,13,"regular","2026-11-27T05:00:00.000Z",TRUE,FALSE,FALSE,TRUE,NA,3699,"Dowdy-Ficklen Stadium",151,"East Carolina","fbs","American Athletic",NA,NA,1471,NA,2226,"Florida Atlantic","fbs","American Athletic",NA,NA,1178,NA,NA,"",NA,NA
401856762,2026,13,"regular","2026-11-27T17:00:00.000Z",FALSE,FALSE,FALSE,TRUE,NA,3974,"Vaught-Hemingway Stadium",145,"Ole Miss","fbs","SEC",NA,NA,NA,NA,344,"Mississippi State","fbs","SEC",NA,NA,1597,NA,NA,"",NA,NA
401866472,2026,13,"regular","2026-11-27T17:00:00.000Z",FALSE,FALSE,FALSE,TRUE,NA,3768,"InfoCision Stadium",2006,"Akron","fbs","Mid-American",NA,NA,905,NA,2084,"Buffalo","fbs","Mid-American",NA,NA,NA,NA,NA,"",NA,NA
401866473,2026,13,"regular","2026-11-27T17:00:00.000Z",FALSE,FALSE,FALSE,TRUE,NA,3876,"Peden Stadium",195,"Ohio","fbs","Mid-American",NA,NA,1313,NA,2649,"Toledo","fbs","Mid-American",NA,NA,1576,NA,NA,"",NA,NA
401858536,2026,13,"regular","2026-11-27T17:00:00.000Z",FALSE,FALSE,FALSE,TRUE,NA,3793,"Kinnick Stadium",2294,"Iowa","fbs","Big Ten",NA,NA,1868,NA,158,"Nebraska","fbs","Big Ten",NA,NA,1597,NA,NA,"",NA,NA
401869930,2026,13,"regular","2026-11-27T20:00:00.000Z",FALSE,FALSE,FALSE,TRUE,NA,6526,"Hancock Whitney Stadium",6,"South Alabama","fbs","Sun Belt",NA,NA,NA,NA,2026,"App State","fbs","Sun Belt",NA,NA,NA,NA,NA,"",NA,NA
401856759,2026,13,"regular","2026-11-27T20:30:00.000Z",FALSE,FALSE,FALSE,FALSE,NA,3697,"Doak Campbell Stadium",52,"Florida State","fbs","ACC",NA,NA,1559,NA,57,"Florida","fbs","SEC",NA,NA,1669,NA,NA,"",NA,NA
401864549,2026,13,"regular","2026-11-27T20:30:00.000Z",FALSE,FALSE,FALSE,TRUE,NA,3935,"CEFCU Stadium",23,"San José State","fbs","Mountain West",NA,NA,1407,NA,2449,"North Dakota State","fbs","Mountain West",NA,NA,1562,NA,NA,"",NA,NA
401858544,2026,13,"regular","2026-11-28T00:30:00.000Z",FALSE,FALSE,FALSE,TRUE,NA,347,"Camp Randall Stadium",275,"Wisconsin","fbs","Big Ten",NA,NA,1455,NA,135,"Minnesota","fbs","Big Ten",NA,NA,NA,NA,NA,"",NA,NA
401856756,2026,13,"regular","2026-11-28T00:30:00.000Z",FALSE,FALSE,FALSE,TRUE,NA,3795,"Kyle Field",245,"Texas A&M","fbs","SEC",NA,NA,1865,NA,251,"Texas","fbs","SEC",NA,NA,1921,NA,NA,"",NA,NA
401856880,2026,13,"regular","2026-11-28T02:00:00.000Z",FALSE,FALSE,FALSE,TRUE,NA,587,"Rice-Eccles Stadium",254,"Utah","fbs","Big 12",NA,NA,NA,NA,277,"West Virginia","fbs","Big 12",NA,NA,1365,NA,NA,"",NA,NA
401862843,2026,13,"regular","2026-11-28T05:00:00.000Z",TRUE,FALSE,FALSE,TRUE,NA,3825,"DATCU Stadium",249,"North Texas","fbs","American Athletic",NA,NA,1571,NA,5,"UAB","fbs","American Athletic",NA,NA,1409,NA,NA,"",NA,NA
401858538,2026,13,"regular","2026-11-28T05:00:00.000Z",TRUE,FALSE,FALSE,TRUE,NA,3830,"Memorial Stadium (Bloomington, IN)",84,"Indiana","fbs","Big Ten",NA,NA,2132,NA,2509,"Purdue","fbs","Big Ten",NA,NA,NA,NA,NA,"",NA,NA
401864550,2026,13,"regular","2026-11-28T05:00:00.000Z",TRUE,FALSE,FALSE,TRUE,NA,3764,"Huskie Stadium",2459,"Northern Illinois","fbs","Mountain West",NA,NA,1245,NA,2638,"UTEP","fbs","Mountain West",NA,NA,1143,NA,NA,"",NA,NA
401871103,2026,13,"regular","2026-11-28T05:00:00.000Z",TRUE,FALSE,FALSE,TRUE,NA,3918,"S.B. Ballard Stadium",295,"Old Dominion","fbs","Sun Belt",NA,NA,1336,NA,2572,"Southern Miss","fbs","Sun Belt",NA,NA,NA,NA,NA,"",NA,NA
401858537,2026,13,"regular","2026-11-28T05:00:00.000Z",TRUE,FALSE,FALSE,TRUE,NA,11823,"Ryan Field",77,"Northwestern","fbs","Big Ten",NA,NA,NA,NA,356,"Illinois","fbs","Big Ten",NA,NA,1597,NA,NA,"",NA,NA
401871102,2026,13,"regular","2026-11-28T05:00:00.000Z",TRUE,FALSE,FALSE,TRUE,NA,3817,"Malone Stadium",2433,"UL Monroe","fbs","Sun Belt",NA,NA,1058,NA,276,"Marshall","fbs","Sun Belt",NA,NA,1375,NA,NA,"",NA,NA
401869959,2026,13,"regular","2026-11-28T05:00:00.000Z",TRUE,FALSE,FALSE,TRUE,NA,4246,"Center Parc Stadium",2247,"Georgia State","fbs","Sun Belt",NA,NA,NA,NA,309,"Louisiana","fbs","Sun Belt",NA,NA,NA,NA,NA,"",NA,NA
401869954,2026,13,"regular","2026-11-28T05:00:00.000Z",TRUE,FALSE,FALSE,TRUE,NA,3608,"Allen E. Paulson Stadium",290,"Georgia Southern","fbs","Sun Belt",NA,NA,NA,NA,2348,"Louisiana Tech","fbs","Sun Belt",NA,NA,NA,NA,NA,"",NA,NA
401858314,2026,13,"regular","2026-11-28T05:00:00.000Z",TRUE,FALSE,FALSE,FALSE,NA,1964,"JMA Wireless Dome",183,"Syracuse","fbs","ACC",NA,NA,NA,NA,87,"Notre Dame","fbs","FBS Independents",NA,NA,2041,NA,NA,"",NA,NA
401858317,2026,13,"regular","2026-11-28T05:00:00.000Z",TRUE,FALSE,FALSE,TRUE,NA,3799,"Lane Stadium",259,"Virginia Tech","fbs","ACC",NA,NA,NA,NA,258,"Virginia","fbs","ACC",NA,NA,1652,NA,NA,"",NA,NA
401858316,2026,13,"regular","2026-11-28T05:00:00.000Z",TRUE,FALSE,FALSE,TRUE,NA,3940,"Stanford Stadium",24,"Stanford","fbs","ACC",NA,NA,1408,NA,2567,"SMU","fbs","ACC",NA,NA,NA,NA,NA,"",NA,NA
401858539,2026,13,"regular","2026-11-28T05:00:00.000Z",TRUE,FALSE,FALSE,TRUE,NA,3665,"SECU Stadium",120,"Maryland","fbs","Big Ten",NA,NA,NA,NA,213,"Penn State","fbs","Big Ten",NA,NA,1905,NA,NA,"",NA,NA
401858543,2026,13,"regular","2026-11-28T05:00:00.000Z",TRUE,FALSE,FALSE,TRUE,NA,1056,"Rose Bowl",26,"UCLA","fbs","Big Ten",NA,NA,1441,NA,30,"USC","fbs","Big Ten",NA,NA,1763,NA,NA,"",NA,NA
401858541,2026,13,"regular","2026-11-28T05:00:00.000Z",TRUE,FALSE,FALSE,TRUE,NA,3626,"Autzen Stadium",2483,"Oregon","fbs","Big Ten",NA,NA,1877,NA,264,"Washington","fbs","Big Ten",NA,NA,1764,NA,NA,"",NA,NA
401858542,2026,13,"regular","2026-11-28T05:00:00.000Z",TRUE,FALSE,FALSE,TRUE,NA,6577,"SHI Stadium",164,"Rutgers","fbs","Big Ten",NA,NA,1408,NA,127,"Michigan State","fbs","Big Ten",NA,NA,1460,NA,NA,"",NA,NA
401861969,2026,13,"regular","2026-11-28T05:00:00.000Z",TRUE,FALSE,FALSE,FALSE,NA,3984,"War Memorial Stadium",2751,"Wyoming","fbs","Mountain West",NA,NA,1309,NA,41,"UConn","fbs","FBS Independents",NA,NA,NA,NA,NA,"",NA,NA
401862841,2026,13,"regular","2026-11-28T05:00:00.000Z",TRUE,FALSE,FALSE,TRUE,NA,3895,"Rice Stadium",242,"Rice","fbs","American Athletic",NA,NA,NA,NA,349,"Army","fbs","American Athletic",NA,NA,1527,NA,NA,"",NA,NA
401862840,2026,13,"regular","2026-11-28T05:00:00.000Z",TRUE,FALSE,FALSE,TRUE,NA,3604,"Alamodome",2636,"UTSA","fbs","American Athletic",NA,NA,1522,NA,202,"Tulsa","fbs","American Athletic",NA,NA,1265,NA,NA,"","Will be played Nov. 27 or Nov. 28",NA
401862842,2026,13,"regular","2026-11-28T05:00:00.000Z",TRUE,FALSE,FALSE,TRUE,NA,4418,"Jerry Richardson Stadium",2429,"Charlotte","fbs","American Athletic",NA,NA,NA,NA,2426,"Navy","fbs","American Athletic",NA,NA,NA,NA,NA,"",NA,NA
401858315,2026,13,"regular","2026-11-28T05:00:00.000Z",TRUE,FALSE,FALSE,TRUE,NA,3831,"California Memorial Stadium",25,"California","fbs","ACC",NA,NA,1346,NA,221,"Pittsburgh","fbs","ACC",NA,NA,1688,NA,NA,"",NA,NA
401856758,2026,13,"regular","2026-11-28T05:00:00.000Z",TRUE,FALSE,FALSE,TRUE,NA,3887,"Razorback Stadium",8,"Arkansas","fbs","SEC",NA,NA,NA,NA,99,"LSU","fbs","SEC",NA,NA,1736,NA,NA,"","EARLY: Noon - 1pm ET start",NA
401869947,2026,13,"regular","2026-11-28T05:00:00.000Z",TRUE,FALSE,FALSE,TRUE,NA,3651,"Bridgeforth Stadium",256,"James Madison","fbs","Sun Belt",NA,NA,1776,NA,324,"Coastal Carolina","fbs","Sun Belt",NA,NA,1270,NA,NA,"",NA,NA
401856760,2026,13,"regular","2026-11-28T05:00:00.000Z",TRUE,FALSE,FALSE,FALSE,NA,3917,"Sanford Stadium",61,"Georgia","fbs","SEC",NA,NA,NA,NA,59,"Georgia Tech","fbs","ACC",NA,NA,1555,NA,NA,"","FLEX: 3:30 - 4:30pm OR 6 - 8pm ET start",NA
401856761,2026,13,"regular","2026-11-28T05:00:00.000Z",TRUE,FALSE,FALSE,FALSE,NA,3683,"Kroger Field",96,"Kentucky","fbs","SEC",NA,NA,NA,NA,97,"Louisville","fbs","ACC",NA,NA,NA,NA,NA,"","EARLY: Noon - 1pm ET start",NA
401856757,2026,13,"regular","2026-11-28T05:00:00.000Z",TRUE,FALSE,FALSE,TRUE,NA,3657,"Bryant-Denny Stadium",333,"Alabama","fbs","SEC",NA,NA,1829,NA,2,"Auburn","fbs","SEC",NA,NA,1610,NA,NA,"","FLEX: 3:30 - 4:30pm OR 6 - 8pm ET start",NA
401858313,2026,13,"regular","2026-11-28T05:00:00.000Z",TRUE,FALSE,FALSE,TRUE,NA,3787,"Kenan Stadium",153,"North Carolina","fbs","ACC",NA,NA,1395,NA,152,"NC State","fbs","ACC",NA,NA,1509,NA,NA,"",NA,NA
401856763,2026,13,"regular","2026-11-28T05:00:00.000Z",TRUE,FALSE,FALSE,TRUE,NA,3838,"Memorial Stadium",142,"Missouri","fbs","SEC",NA,NA,NA,NA,201,"Oklahoma","fbs","SEC",NA,NA,1819,NA,NA,"","AFTERNOON: 3:30 - 4:30pm ET start",NA
401856765,2026,13,"regular","2026-11-28T05:00:00.000Z",TRUE,FALSE,FALSE,TRUE,NA,3973,"FirstBank Stadium",238,"Vanderbilt","fbs","SEC",NA,NA,NA,NA,2633,"Tennessee","fbs","SEC",NA,NA,NA,NA,NA,"","NIGHT: 6 - 8pm ET start",NA
401856873,2026,13,"regular","2026-11-28T05:00:00.000Z",TRUE,FALSE,FALSE,TRUE,NA,3619,"Arizona Stadium",12,"Arizona","fbs","Big 12",NA,NA,NA,NA,9,"Arizona State","fbs","Big 12",NA,NA,NA,NA,NA,"",NA,NA
401856764,2026,13,"regular","2026-11-28T05:00:00.000Z",TRUE,FALSE,FALSE,FALSE,NA,3836,"Memorial Stadium (Clemson, SC)",228,"Clemson","fbs","ACC",NA,NA,1550,NA,2579,"South Carolina","fbs","SEC",NA,NA,1763,NA,NA,"",NA,NA
401856876,2026,13,"regular","2026-11-28T05:00:00.000Z",TRUE,FALSE,FALSE,TRUE,NA,3801,"LaVell Edwards Stadium",252,"BYU","fbs","Big 12",NA,NA,NA,NA,2132,"Cincinnati","fbs","Big 12",NA,NA,1516,NA,NA,"",NA,NA
401856877,2026,13,"regular","2026-11-28T05:00:00.000Z",TRUE,FALSE,FALSE,TRUE,NA,3646,"Boone Pickens Stadium",197,"Oklahoma State","fbs","Big 12",NA,NA,1215,NA,2305,"Kansas","fbs","Big 12",NA,NA,NA,NA,NA,"",NA,NA
401856878,2026,13,"regular","2026-11-28T05:00:00.000Z",TRUE,FALSE,FALSE,TRUE,NA,3772,"Jack Trice Stadium",66,"Iowa State","fbs","Big 12",NA,NA,NA,NA,2306,"Kansas State","fbs","Big 12",NA,NA,NA,NA,NA,"",NA,NA
401858311,2026,13,"regular","2026-11-28T05:00:00.000Z",TRUE,FALSE,FALSE,TRUE,NA,3948,"Hard Rock Stadium",2390,"Miami","fbs","ACC",NA,NA,1930,NA,103,"Boston College","fbs","ACC",NA,NA,1370,NA,NA,"",NA,NA
401858312,2026,13,"regular","2026-11-28T05:00:00.000Z",TRUE,FALSE,FALSE,TRUE,NA,3630,"Allegacy Federal Credit Union Stadium",154,"Wake Forest","fbs","ACC",NA,NA,1540,NA,150,"Duke","fbs","ACC",NA,NA,1605,NA,NA,"",NA,NA
401856875,2026,13,"regular","2026-11-28T05:00:00.000Z",TRUE,FALSE,FALSE,TRUE,NA,3726,"Folsom Field",38,"Colorado","fbs","Big 12",NA,NA,1404,NA,2116,"UCF","fbs","Big 12",NA,NA,NA,NA,NA,"",NA,NA
401856874,2026,13,"regular","2026-11-28T05:00:00.000Z",TRUE,FALSE,FALSE,TRUE,NA,4728,"TDECU Stadium",248,"Houston","fbs","Big 12",NA,NA,1521,NA,239,"Baylor","fbs","Big 12",NA,NA,1509,NA,NA,"",NA,NA
401866474,2026,13,"regular","2026-11-28T17:00:00.000Z",FALSE,FALSE,FALSE,TRUE,NA,3919,"Scheumann Stadium",2050,"Ball State","fbs","Mid-American",NA,NA,1076,NA,2117,"Central Michigan","fbs","Mid-American",NA,NA,1253,NA,NA,"",NA,NA
401866475,2026,13,"regular","2026-11-28T17:00:00.000Z",FALSE,FALSE,FALSE,TRUE,NA,3700,"Doyt L. Perry Stadium",189,"Bowling Green","fbs","Mid-American",NA,NA,NA,NA,113,"Massachusetts","fbs","Mid-American",NA,NA,1049,NA,NA,"",NA,NA
401858540,2026,13,"regular","2026-11-28T17:00:00.000Z",FALSE,FALSE,FALSE,TRUE,NA,3861,"Ohio Stadium",194,"Ohio State","fbs","Big Ten",NA,NA,2022,NA,130,"Michigan","fbs","Big Ten",NA,NA,1686,NA,NA,"",NA,NA
401870804,2026,13,"regular","2026-11-28T18:00:00.000Z",FALSE,FALSE,FALSE,TRUE,NA,3796,"Houchens Industries-L.T. Smith Stadium",98,"Western Kentucky","fbs","Conference USA",NA,NA,1338,NA,338,"Kennesaw State","fbs","Conference USA",NA,NA,NA,NA,NA,"",NA,NA
401871083,2026,13,"regular","2026-11-28T19:00:00.000Z",FALSE,FALSE,FALSE,TRUE,NA,3725,"Johnny ""Red"" Floyd Stadium",2393,"Middle Tennessee","fbs","Conference USA",NA,NA,NA,NA,166,"New Mexico State","fbs","Conference USA",NA,NA,1259,NA,NA,"",NA,NA
401871063,2026,13,"regular","2026-11-28T19:00:00.000Z",FALSE,FALSE,FALSE,TRUE,NA,3878,"Plaster Sports Complex",2623,"Missouri State","fbs","Conference USA",NA,NA,1268,NA,2335,"Liberty","fbs","Conference USA",NA,NA,1697,NA,NA,"",NA,NA
401871082,2026,13,"regular","2026-11-28T19:00:00.000Z",FALSE,FALSE,FALSE,TRUE,NA,2031,"Pitbull Stadium",2229,"Florida International","fbs","Conference USA",NA,NA,1378,NA,2534,"Sam Houston","fbs","Conference USA",NA,NA,1168,NA,NA,"",NA,NA
401869939,2026,13,"regular","2026-11-28T20:00:00.000Z",FALSE,FALSE,FALSE,TRUE,NA,3625,"Centennial Bank Stadium",2032,"Arkansas State","fbs","Sun Belt",NA,NA,1349,NA,2653,"Troy","fbs","Sun Belt",NA,NA,1416,NA,NA,"",NA,NA
401871062,2026,13,"regular","2026-11-28T20:30:00.000Z",FALSE,FALSE,FALSE,TRUE,NA,3695,"Delaware Stadium",48,"Delaware","fbs","Conference USA",NA,NA,NA,NA,55,"Jacksonville State","fbs","Conference USA",NA,NA,1432,NA,NA,"",NA,NA
401864546,2026,13,"regular","2026-11-28T21:30:00.000Z",FALSE,FALSE,FALSE,TRUE,NA,3971,"University Stadium (NM)",167,"New Mexico","fbs","Mountain West",NA,NA,1564,NA,2005,"Air Force","fbs","Mountain West",NA,NA,NA,NA,NA,"",NA,NA
401864548,2026,13,"regular","2026-11-29T02:00:00.000Z",FALSE,FALSE,FALSE,TRUE,NA,6501,"Allegiant Stadium",2439,"UNLV","fbs","Mountain West",NA,NA,1599,NA,2440,"Nevada","fbs","Mountain West",NA,NA,1451,NA,NA,"",NA,NA
401864547,2026,13,"regular","2026-11-29T04:00:00.000Z",FALSE,FALSE,FALSE,FALSE,NA,7220,"Clarence T.C. Ching Athletics Complex",62,"Hawai'i","fbs","Mountain West",NA,NA,1421,NA,16,"Sacramento State","fbs","Mid-American",NA,NA,1476,NA,NA,"",NA,NA
401862844,2026,15,"regular","2026-12-12T20:00:00.000Z",FALSE,FALSE,TRUE,TRUE,NA,3839,"MetLife Stadium",349,"Army","fbs","American Athletic",NA,NA,1527,NA,2426,"Navy","fbs","American Athletic",NA,NA,NA,NA,NA,"",NA,NA
